1599758101|0.033250|0.050411|0.113652|0.113754|0.132002|0.132333|4858
1599758161|0.064318|0.081609|0.182413|0.182487|0.200171|0.200329|4858
1599758221|0.095253|0.112613|0.198196|0.198295|0.217342|0.217483|4858
1599758281|0.101308|0.118754|0.213041|0.213144|0.231272|0.231400|4858
1599758341|0.092447|0.109796|0.151406|0.151495|0.205217|0.205288|4858
1599758401|0.063988|0.081454|0.432200|0.432310|0.451409|0.451508|4858
1599758461|0.068698|0.086490|0.143554|0.143646|0.172934|0.172992|4858
1599758521|0.068662|0.086094|0.180391|0.180467|0.198652|0.198714|4858
1599758581|0.062327|0.079784|0.176430|0.176518|0.201800|0.201969|4858
1599758641|0.083034|0.100650|0.135565|0.135664|0.153796|0.153853|4858
1599758701|0.062190|0.079626|0.130841|0.130917|0.180684|0.180762|4858
1599758761|0.040613|0.057918|0.131758|0.131855|0.150662|0.150730|4858
1599758821|0.061835|0.079051|0.119173|0.119261|0.138065|0.138144|4858
1599758881|0.075248|0.092634|0.143816|0.143938|0.162851|0.162902|4858
1599758941|0.061423|0.078672|0.174965|0.175077|0.193000|0.193068|4858
1599759001|0.046164|0.063512|0.148584|0.148658|0.167618|0.167686|4858
1599759061|0.058981|0.076362|0.142593|0.142668|0.161320|0.161384|4858
1599759121|0.052568|0.070053|0.154022|0.154094|0.173294|0.173352|4858
1599759181|0.028672|0.046152|0.113983|0.114070|0.132927|0.132996|4858
1599759241|0.060941|0.078793|0.131853|0.131930|0.163955|0.164019|4858
1599759301|0.063240|0.082057|0.147907|0.148002|0.171727|0.171793|4858
1599759361|0.089090|0.100833|0.139168|0.139259|0.158428|0.158545|4858
1599759421|0.063774|0.080955|0.152273|0.152375|0.171530|0.171591|4858
1599759481|0.076851|0.094385|0.178406|0.178513|0.197185|0.197332|4858
1599759541|0.092651|0.110240|0.175019|0.175104|0.212271|0.212333|4858
1599759601|0.060681|0.078116|0.121476|0.121572|0.141138|0.141195|4858
1599759661|0.064139|0.081559|0.141615|0.141706|0.160844|0.160901|4858
1599759721|0.061290|0.078522|0.153985|0.154082|0.172101|0.172169|4858
1599759781|0.072507|0.089859|0.164394|0.164494|0.187652|0.187717|4858
1599759841|0.062762|0.080065|0.134805|0.134911|0.181300|0.181371|4858
1599759901|0.028569|0.063219|0.174886|0.174976|0.193422|0.193484|4858
1599759961|0.141666|0.158830|0.235344|0.235425|0.254008|0.254065|4858
1599760021|0.047733|0.065037|0.133318|0.133414|0.151556|0.151621|4858
1599760081|0.073158|0.090588|0.130335|0.130588|0.192734|0.192794|4858
1599760141|0.152888|0.170319|0.251035|0.251115|0.269645|0.269722|4858
1599760201|0.088169|0.105630|0.146412|0.146506|0.165047|0.165116|4858
1599760261|0.038097|0.055474|0.121643|0.121736|0.140029|0.140096|4858
1599760321|0.063851|0.081511|0.140283|0.140368|0.158714|0.158922|4858
1599760381|0.067886|0.085336|0.193519|0.193618|0.217040|0.217100|4858
1599760441|0.047473|0.064658|0.131224|0.131316|0.149519|0.149583|4858
1599760501|0.066052|0.083429|0.136334|0.136402|0.154738|0.154859|4858
1599760561|0.061288|0.078483|0.132172|0.132255|0.173281|0.173349|4858
1599760621|0.100928|0.118256|0.174113|0.174203|0.212688|0.212748|4858
1599760682|0.055517|0.072622|0.137342|0.137445|0.155617|0.155743|4858
1599760741|0.035238|0.052803|0.119787|0.119881|0.138311|0.138443|4858
1599760801|0.143503|0.161054|0.224846|0.224965|0.245205|0.245265|4858
1599760861|0.066091|0.083256|0.126175|0.126270|0.179536|0.179609|4858
1599760921|0.066356|0.083689|0.145121|0.145215|0.166706|0.166776|4858
1599760981|0.063301|0.081264|0.146711|0.146797|0.169893|0.169951|4858
1599761041|0.061904|0.078986|0.182210|0.182309|0.201535|0.201600|4858
1599761101|0.028577|0.046858|0.131322|0.131417|0.156231|0.156292|4858
1599761161|0.091829|0.109445|0.146019|0.146109|0.166306|0.166373|4858
1599761221|0.078524|0.095717|0.140855|0.140953|0.165688|0.165749|4858
1599761281|0.070186|0.088074|0.180180|0.180278|0.199018|0.199169|4858
1599761341|0.060974|0.078284|0.177949|0.178012|0.196606|0.196733|4858
1599761401|0.060721|0.078123|0.123512|0.123575|0.143773|0.143910|4858
1599761461|0.060879|0.078087|0.135727|0.135808|0.156567|0.156620|4858
1599761521|0.063948|0.081734|0.161479|0.161566|0.182371|0.182428|4858
1599761581|0.044337|0.061655|0.143778|0.143866|0.161982|0.162177|4858
1599761641|0.509656|0.527085|0.555468|0.555565|0.573726|0.573973|4858
1599761701|0.067401|0.086362|0.180133|0.180217|0.198916|0.199109|4858
1599761761|0.086180|0.103412|0.150890|0.150978|0.197322|0.197389|4858
1599761821|0.084825|0.102179|0.154569|0.154652|0.192550|0.192611|4858
1599761881|0.084998|0.102341|0.146109|0.146187|0.176317|0.176374|4858
1599761941|0.061888|0.079345|0.168683|0.168784|0.187636|0.195864|4858
1599762001|0.065150|0.082515|0.160936|0.161022|0.179512|0.179569|4858
1599762061|0.097064|0.114261|0.163647|0.163739|0.212266|0.212345|4858
1599762121|0.066955|0.084525|0.133140|0.133221|0.180824|0.180885|4858
1599762181|0.078392|0.095832|0.145106|0.145195|0.163503|0.163566|4858
1599762241|0.068603|0.085781|0.174241|0.174333|0.193532|0.193594|4858
1599762301|0.060689|0.085627|0.161255|0.161340|0.182138|0.182199|4858
1599762361|0.047211|0.064473|0.119829|0.119902|0.138227|0.138291|4858
1599762421|0.071061|0.088521|0.145841|0.145937|0.194783|0.194852|4858
1599762481|0.124928|0.142239|0.188536|0.188651|0.206902|0.206959|4858
1599762541|0.080062|0.097357|0.155849|0.155930|0.178087|0.178144|4858
1599762601|0.048752|0.066226|0.114662|0.114730|0.142368|0.142429|4858
1599762661|0.078220|0.095631|0.198542|0.198639|0.218693|0.218819|4858
1599762721|0.033838|0.050948|0.134620|0.134706|0.154523|0.157115|4858
1599762781|0.086947|0.104149|0.160087|0.160170|0.189388|0.189457|4858
1599762841|0.061431|0.078605|0.130323|0.130415|0.155885|0.155946|4858
1599762901|0.075032|0.092299|0.179108|0.179210|0.202020|0.202087|4858
1599762961|0.081468|0.098934|0.146090|0.146174|0.168226|0.168287|4858
1599763021|0.054536|0.072333|0.136383|0.136474|0.187334|0.187404|4858
1599763081|0.061555|0.082984|0.128261|0.128340|0.176085|0.176147|4858
1599763141|0.075280|0.092661|0.190047|0.190131|0.208421|0.208498|4858
1599763201|0.072267|0.089562|0.182977|0.183077|0.201550|0.201609|4858
1599763261|0.082855|0.100228|0.134003|0.134066|0.188203|0.188269|4858
1599763321|0.069849|0.087075|0.126852|0.126946|0.145148|0.145249|4858
1599763381|0.062503|0.079980|0.125171|0.125258|0.173666|0.173734|4858
1599763441|0.057530|0.074560|0.157836|0.157920|0.180816|0.180871|4858
1599763501|0.055824|0.073167|0.137924|0.138008|0.156476|0.156540|4858
1599763561|0.061782|0.079580|0.176007|0.176108|0.195223|0.195351|4858
1599763621|0.058266|0.075503|0.157138|0.157202|0.175634|0.175752|4858
1599763681|0.061029|0.078346|0.149452|0.149516|0.168499|0.168564|4858
1599763742|0.036011|0.053551|0.125243|0.125341|0.156689|0.156747|4858
1599763801|0.087766|0.105303|0.160745|0.160825|0.196875|0.196939|4858
1599763861|0.039589|0.056851|0.131290|0.131370|0.158851|0.158905|4858
1599763921|0.061785|0.079075|0.163281|0.163377|0.182333|0.182398|4858
1599763981|0.088844|0.106383|0.156967|0.157054|0.176269|0.176328|4858
1599764041|0.073508|0.096166|0.183227|0.183328|0.202005|0.202089|4858
1599764101|0.071232|0.088738|0.169673|0.169759|0.188107|0.188181|4858
1599764161|0.029729|0.047124|0.129989|0.130083|0.151273|0.151328|4858
1599764221|0.062796|0.080130|0.129478|0.129583|0.152846|0.152914|4858
1599764281|0.035448|0.053167|0.118673|0.118760|0.137136|0.137204|4858
1599764341|0.060998|0.078433|0.165488|0.165581|0.184069|0.184139|4858
1599764401|0.125864|0.148306|0.207094|0.207191|0.244905|0.244962|4858
1599764461|0.064031|0.081541|0.186814|0.186945|0.205658|0.205766|4858
1599764521|0.073072|0.090327|0.135453|0.135548|0.179213|0.179278|4858
1599764581|0.050824|0.068177|0.148661|0.148737|0.170125|0.170180|4858
1599764641|0.062609|0.080051|0.120168|0.120255|0.175629|0.175701|4858
1599764701|0.060727|0.078302|0.118589|0.118855|0.154488|0.154548|4858
1599764761|0.054153|0.071663|0.139744|0.139836|0.157874|0.157962|4858
1599764821|0.152289|0.169469|0.228053|0.228139|0.253218|0.253281|4858
1599764881|0.077294|0.094593|0.131219|0.131309|0.149443|0.149517|4858
1599764941|0.066915|0.084108|0.134282|0.134378|0.166825|0.166883|4858
1599765001|0.068880|0.086154|0.135423|0.135516|0.164211|0.164271|4858
1599765061|0.064523|0.081694|0.162423|0.162529|0.180666|0.180720|4858
1599765121|0.069446|0.086947|0.171937|0.172001|0.191969|0.192044|4858
1599765181|0.099581|0.116990|0.154803|0.154901|0.212439|0.212504|4858
1599765241|0.062380|0.079596|0.174023|0.174123|0.195850|0.195909|4858
1599765301|0.061892|0.079243|0.117262|0.117328|0.163660|0.163715|4858
1599765361|0.079499|0.097005|0.150333|0.150411|0.176237|0.176301|4858
1599765421|0.048708|0.066224|0.128267|0.128349|0.147927|0.147983|4858
1599765481|0.072680|0.090311|0.147429|0.147497|0.169607|0.169669|4858
1599765541|0.062139|0.079724|0.121063|0.121134|0.182976|0.183036|4858
1599765601|0.059506|0.077319|0.144235|0.144306|0.163643|0.163710|4858
1599765661|0.083096|0.100550|0.136073|0.136161|0.154376|0.154443|4858
1599765721|0.086620|0.103848|0.198357|0.198457|0.219065|0.219235|4858
1599765781|0.040952|0.058058|0.125308|0.125397|0.143893|0.144483|4858
1599765841|0.060837|0.078075|0.119312|0.119406|0.169551|0.169624|4858
1599765901|0.060740|0.077927|0.181163|0.181257|0.199430|0.199543|4858
1599765961|0.081556|0.098758|0.139927|0.140004|0.158008|0.158069|4858
1599766021|0.068423|0.086446|0.126593|0.126691|0.144989|0.145138|4858
1599766082|0.068893|0.086482|0.130753|0.130841|0.193088|0.193151|4858
1599766141|0.073297|0.091239|0.184396|0.184493|0.202675|0.202786|4858
1599766201|0.055343|0.077816|0.141404|0.141483|0.161929|0.161996|4858
1599766261|0.090769|0.107973|0.153547|0.153640|0.204274|0.204338|4858
1599766321|0.055211|0.072686|0.138102|0.138192|0.156879|0.156940|4858
1599766381|0.061139|0.078331|0.128479|0.128567|0.167014|0.167081|4858
1599766441|0.057707|0.075007|0.138173|0.138273|0.156605|0.157006|4858
1599766501|0.061669|0.078929|0.152256|0.152338|0.170520|0.170593|4858
1599766561|0.088685|0.105991|0.210554|0.210656|0.229119|0.229258|4858
1599766621|0.077415|0.094837|0.140699|0.140776|0.159198|0.159269|4858
1599766681|0.028676|0.046129|0.118828|0.118954|0.137367|0.137493|4858
1599766741|0.060648|0.078664|0.131244|0.131339|0.163533|0.163592|4858
1599766801|0.078921|0.097868|0.186159|0.186249|0.205079|0.205276|4858
1599766861|0.071330|0.088758|0.173528|0.173619|0.192789|0.192865|4858
1599766921|0.077528|0.095043|0.193157|0.193237|0.213110|0.213179|4858
1599766981|0.087051|0.104647|0.156816|0.156897|0.197230|0.197301|4858
1599767041|0.062978|0.080334|0.134646|0.134734|0.167038|0.167114|4858
1599767101|0.070843|0.088214|0.127105|0.127210|0.187030|0.187090|4858
1599767161|0.061428|0.079764|0.163585|0.163691|0.186877|0.186935|4858
1599767221|0.060876|0.078147|0.157357|0.157454|0.178559|0.178627|4858
1599767281|0.078756|0.095902|0.152205|0.152284|0.194808|0.194868|4858
1599767341|0.091797|0.109472|0.167130|0.167216|0.212968|0.213033|4858
1599767401|0.067161|0.084403|0.148006|0.148092|0.179688|0.179747|4858
1599767461|0.074533|0.094079|0.195128|0.195226|0.213626|0.213688|4858
1599767521|0.075002|0.092442|0.145781|0.145870|0.194084|0.194144|4858
1599767582|0.029828|0.047471|0.112987|0.113084|0.131582|0.131666|4858
1599767641|0.073154|0.090403|0.142970|0.143049|0.186755|0.186822|4858
1599767701|0.060780|0.078167|0.130343|0.130425|0.158269|0.158328|4858
1599767761|0.054409|0.072257|0.149065|0.149119|0.167922|0.168119|4858
1599767821|0.087383|0.104553|0.152619|0.152713|0.208966|0.209028|4858
1599767881|0.060856|0.081539|0.132055|0.132135|0.177736|0.177798|4858
1599767941|0.042854|0.060292|0.125445|0.125530|0.144267|0.144326|4858
1599768001|0.079056|0.097472|0.141493|0.141587|0.195147|0.195208|4858
1599768061|0.069788|0.087221|0.187772|0.187867|0.207991|0.208134|4858
1599768121|0.091790|0.109013|0.145551|0.145648|0.163751|0.163826|4858
1599768181|0.144616|0.161860|0.236237|0.236333|0.258328|0.258441|4858
1599768241|0.061659|0.078935|0.133810|0.133911|0.184851|0.184924|4858
1599768301|0.060906|0.078570|0.134139|0.134232|0.153351|0.153406|4858
1599768361|0.090039|0.107229|0.157396|0.157497|0.175787|0.175911|4858
1599768421|0.056526|0.073688|0.154370|0.154457|0.172843|0.172907|4858
1599768482|0.084074|0.102223|0.200603|0.200711|0.220520|0.220599|4858
1599768541|0.057742|0.075233|0.139184|0.139578|0.157603|0.157709|4858
1599768601|0.072072|0.089921|0.143950|0.144026|0.194376|0.194439|4858
1599768661|0.083744|0.100898|0.153080|0.153166|0.185434|0.185491|4858
1599768721|0.084946|0.102333|0.156596|0.156663|0.204607|0.204680|4858
1599768781|0.061598|0.079114|0.131785|0.131872|0.165589|0.165659|4858
1599768841|0.146842|0.164351|0.249442|0.249503|0.268557|0.268642|4858
1599768901|0.096466|0.113916|0.167663|0.167763|0.204442|0.204502|4858
1599768961|0.095328|0.112516|0.209087|0.209184|0.227297|0.227421|4858
1599769021|0.085562|0.102954|0.159967|0.160048|0.197557|0.197617|4858
1599769081|0.062160|0.079376|0.131334|0.131436|0.157322|0.157382|4858
1599769141|0.037136|0.054768|0.124928|0.125012|0.143331|0.143496|4858
1599769201|0.138024|0.156469|0.220613|0.220751|0.240513|0.240705|4858
1599769261|0.070328|0.087519|0.130423|0.130513|0.152367|0.152422|4858
1599769321|0.061091|0.079177|0.176504|0.176598|0.287393|0.287448|4858
1599769381|0.072174|0.089354|0.140005|0.140105|0.178749|0.178815|4858
1599769441|0.090252|0.107576|0.157699|0.157795|0.205330|0.205392|4858
1599769501|0.065573|0.082903|0.162682|0.162765|0.181562|0.181630|4858
1599769561|0.085735|0.103350|0.141609|0.141716|0.160044|0.160110|4858
1599769621|0.028989|0.047204|0.118681|0.118771|0.137294|0.137403|4858
1599769681|0.127676|0.145054|0.201316|0.206711|0.224618|0.224705|4858
1599769741|0.070872|0.087978|0.143513|0.143586|0.178596|0.178655|4858
1599769801|0.061885|0.079431|0.182346|0.182450|0.201013|0.201078|4858
1599769861|0.086172|0.103337|0.152585|0.152675|0.182737|0.182794|4858
1599769921|0.048799|0.066292|0.132129|0.132223|0.150669|0.150810|4858
1599769981|0.093127|0.110940|0.206344|0.206425|0.224619|0.224685|4858
1599770041|0.150197|0.167499|0.307573|0.307670|0.325854|0.325979|4858
1599770101|0.067814|0.088885|0.185572|0.185667|0.205884|0.205951|4858
1599770161|0.061625|0.079021|0.133597|0.133682|0.157157|0.157220|4858
1599770221|0.088567|0.105723|0.157265|0.157363|0.213757|0.213818|4858
1599770281|0.091271|0.108820|0.197342|0.197438|0.215919|0.216116|4858
1599770341|0.131437|0.148770|0.206314|0.206395|0.224712|0.224764|4858
1599770401|0.060950|0.078297|0.129323|0.129404|0.158276|0.158335|4858
1599770461|0.073627|0.090798|0.138172|0.138262|0.166374|0.166428|4858
1599770521|0.051062|0.068317|0.124276|0.124367|0.144535|0.144591|4858
1599770581|0.089453|0.106805|0.159184|0.159276|0.192721|0.192810|4858
1599770641|0.071414|0.088600|0.145536|0.145641|0.177667|0.177725|4858
1599770701|0.073079|0.090272|0.129861|0.129952|0.190281|0.190356|4858
1599770761|0.094953|0.112134|0.148662|0.148802|0.166767|0.166835|4858
1599770821|0.084292|0.101638|0.150200|0.150294|0.193770|0.193831|4858
1599770881|0.100728|0.117916|0.175087|0.175164|0.200355|0.200413|4858
1599770941|0.088638|0.105789|0.161934|0.162031|0.205349|0.205417|4858
1599771001|0.063051|0.080521|0.147674|0.147775|0.180407|0.180472|4858
1599771061|0.064351|0.081775|0.135636|0.135726|0.164827|0.164886|4858
1599771121|0.080152|0.097549|0.145311|0.145405|0.197917|0.197981|4858
1599771181|0.065086|0.082438|0.140405|0.140495|0.174357|0.174422|4858
1599771241|0.084077|0.112854|0.152919|0.153016|0.193642|0.193712|4858
1599771301|0.124901|0.142297|0.206819|0.206881|0.226850|0.226920|4858
1599771361|0.048827|0.066634|0.129209|0.129295|0.170007|0.170063|4858
1599771421|0.074122|0.092900|0.178594|0.178698|0.197462|0.197592|4858
1599771481|0.068714|0.086049|0.134587|0.134664|0.159705|0.159769|4858
1599771541|0.075563|0.093429|0.137891|0.138100|0.190224|0.190286|4858
1599771601|0.072531|0.093651|0.186986|0.187082|0.206290|0.206356|4858
1599771661|0.038550|0.055816|0.138101|0.138186|0.158608|0.158665|4858
1599771721|0.084423|0.102000|0.146077|0.146186|0.164644|0.209542|4858
1599771781|0.088108|0.105383|0.196307|0.196407|0.216269|0.216340|4858
1599771841|0.065702|0.083497|0.138677|0.138792|0.178977|0.179043|4858
1599771901|0.043544|0.061113|0.139529|0.139625|0.162412|0.162478|4858
1599771961|0.061420|0.080114|0.133980|0.134080|0.180029|0.180100|4858
1599772021|0.091107|0.108637|0.157467|0.157561|0.207568|0.207639|4858
1599772081|0.067239|0.084409|0.168004|0.168093|0.186886|0.186955|4858
1599772141|0.087888|0.105040|0.150095|0.150176|0.168739|0.168839|4858
1599772201|0.061884|0.079203|0.163647|0.163734|0.181967|0.182030|4858
1599772261|0.084216|0.101959|0.140697|0.140791|0.160780|0.160849|4858
1599772321|0.091220|0.108589|0.158763|0.158846|0.204504|0.204564|4858
1599772382|0.080914|0.098361|0.142944|0.143031|0.161115|0.161239|4858
1599772441|0.068306|0.085648|0.134938|0.135034|0.183518|0.183597|4858
1599772501|0.074273|0.091811|0.157259|0.157339|0.176391|0.176553|4858
1599772561|0.063576|0.080918|0.175059|0.175157|0.193339|0.193404|4858
1599772621|0.108357|0.125835|0.208833|0.208930|0.227785|0.227845|4858
1599772681|0.102012|0.119459|0.164758|0.164852|0.212184|0.212250|4858
1599772741|0.075092|0.092555|0.159249|0.159331|0.178526|0.178584|4858
1599772801|0.080981|0.098186|0.156442|0.156538|0.197191|0.197249|4858
1599772861|0.090983|0.108442|0.157909|0.158001|0.188966|0.189028|4858
1599772921|0.061598|0.078868|0.133351|0.133754|0.177476|0.177533|4858
1599772981|0.066274|0.083503|0.116493|0.116573|0.170534|0.170606|4858
1599773041|0.069747|0.087773|0.136254|0.136373|0.180528|0.180597|4858
1599773101|0.070071|0.091606|0.193714|0.193793|0.212816|0.212886|4858
1599773161|0.069646|0.086959|0.130747|0.130923|0.187405|0.187467|4858
1599773221|0.083289|0.100663|0.137950|0.138034|0.156451|0.156509|4858
1599773281|0.092807|0.109971|0.165883|0.165973|0.184750|0.184809|4858
1599773341|0.148079|0.168511|0.207907|0.207978|0.231362|0.231416|4858
1599773401|0.030399|0.047656|0.123380|0.123445|0.141484|0.141585|4858
1599773461|0.060777|0.078093|0.126965|0.127028|0.158129|0.158189|4858
1599773521|0.073587|0.090835|0.148306|0.148408|0.192366|0.192424|4858
1599773581|0.061312|0.078606|0.117078|0.117134|0.135453|0.135522|4858
1599773641|0.088570|0.105695|0.160664|0.160748|0.204852|0.204912|4858
1599773701|0.060902|0.078265|0.134224|0.134314|0.156843|0.156901|4858
1599773761|0.068859|0.085948|0.179604|0.179688|0.197777|0.197852|4858
1599773821|0.072869|0.090263|0.152199|0.194218|0.212095|0.212180|4858
1599773881|0.066113|0.083347|0.143117|0.143202|0.184705|0.184766|4858
1599773941|0.057771|0.075101|0.139910|0.140000|0.160925|0.161007|4858
1599774001|0.059073|0.076273|0.289110|0.289189|0.307203|0.307300|4858
1599774061|0.065923|0.083477|0.141235|0.141328|0.168492|0.168559|4858
1599774121|0.079537|0.096843|0.151101|0.151182|0.182094|0.182162|4858
1599774181|0.061442|0.078754|0.173542|0.173653|0.193689|0.193846|4858
1599774241|0.065682|0.082883|0.130023|0.130087|0.148938|0.148992|4858
1599774301|0.069193|0.086472|0.181214|0.181306|0.199759|0.199880|4858
1599774361|0.028812|0.046099|0.128916|0.128994|0.149279|0.149337|4858
1599774421|0.068132|0.085718|0.139603|0.139691|0.158610|0.158673|4858
1599774481|0.060881|0.078312|0.113835|0.113921|0.133173|0.133235|4858
1599774541|0.058487|0.075675|0.150391|0.150454|0.173518|0.173574|4858
1599774601|0.060638|0.078660|0.154458|0.154544|0.181775|0.181850|4858
1599774661|0.084522|0.101964|0.155234|0.155300|0.176161|0.176227|4858
1599774721|0.065533|0.082763|0.177655|0.177754|0.195983|0.196041|4858
1599774781|0.060666|0.078094|0.128961|0.129044|0.181704|0.181769|4858
1599774841|0.088359|0.105569|0.142792|0.142883|0.161176|0.161279|4858
1599774901|0.080486|0.098361|0.168108|0.168168|0.193417|0.193477|4858
1599774961|0.066369|0.084269|0.129215|0.129316|0.165698|0.165757|4858
1599775021|0.061093|0.078467|0.117852|0.117937|0.185510|0.185571|4858
1599775081|0.082600|0.107350|0.188957|0.189042|0.209290|0.209381|4858
1599775141|0.062939|0.080440|0.116002|0.116108|0.134584|0.134784|4858
1599775201|0.127471|0.144967|0.213301|0.213384|0.240093|0.240270|4858
1599775261|0.086073|0.103347|0.181861|0.181944|0.200198|0.200302|4858
1599775321|0.096747|0.114233|0.181281|0.181363|0.199856|0.199925|4858
1599775381|0.064365|0.081699|0.129965|0.130046|0.178531|0.178589|4858
1599775441|0.092425|0.109835|0.163027|0.163131|0.204303|0.204371|4858
1599775501|0.073630|0.091538|0.163710|0.163797|0.183040|0.183150|4858
1599775561|0.089566|0.106765|0.169322|0.169414|0.209179|0.209244|4858
1599775621|0.066556|0.084412|0.179328|0.179428|0.198310|0.198367|4858
1599775681|0.061609|0.078922|0.123997|0.124082|0.158916|0.158981|4858
1599775741|0.065120|0.082947|0.116926|0.117018|0.163617|0.163676|4858
1599775801|0.061397|0.078727|0.122978|0.123068|0.151948|0.152005|4858
1599775861|0.078312|0.095640|0.156645|0.157480|0.192913|0.192983|4858
1599775921|0.072443|0.090107|0.177572|0.177663|0.196220|0.196305|4858
1599775981|0.061076|0.078507|0.131702|0.131773|0.151379|0.151435|4858
1599776041|0.063752|0.075292|0.113772|0.113849|0.126227|0.126285|4858
1599776101|0.077964|0.095342|0.138554|0.138655|0.157177|0.157406|4858
1599776161|0.088262|0.105621|0.144207|0.144307|0.163267|0.163348|4858
1599776221|0.062449|0.079522|0.139287|0.139358|0.177228|0.177292|4858
1599776281|0.061640|0.079138|0.115625|0.115722|0.158583|0.158644|4858
1599776341|0.068919|0.086204|0.143168|0.143261|0.176689|0.176753|4858
1599776401|0.080539|0.097873|0.152891|0.152974|0.190224|0.190290|4858
1599776461|0.101199|0.124231|0.213106|0.213193|0.233213|0.233276|4858
1599776521|0.054461|0.072257|0.140781|0.140885|0.159311|0.159400|4858
1599776581|0.047827|0.065640|0.127339|0.127450|0.146105|0.146225|4858
1599776641|0.065505|0.082736|0.127699|0.127790|0.179875|0.179937|4858
1599776701|0.067012|0.084549|0.178179|0.178270|0.197056|0.197117|4858
1599776761|0.063179|0.080474|0.136315|0.136394|0.154523|0.154576|4858
1599776821|0.068448|0.085805|0.177292|0.177382|0.196068|0.196144|4858
1599776881|0.067590|0.085034|0.161051|0.161156|0.179279|0.179357|4858
1599776941|0.086693|0.105055|0.145504|0.145599|0.164357|0.164427|4858
1599777001|0.080693|0.097887|0.138248|0.138358|0.156953|0.157019|4858
1599777061|0.062942|0.080263|0.130548|0.130624|0.174107|0.174171|4858
1599777121|0.062019|0.079284|0.124176|0.124266|0.152567|0.152621|4858
1599777181|0.066936|0.084300|0.152634|0.152743|0.176849|0.176910|4858
1599777241|0.043980|0.061420|0.119828|0.119925|0.138154|0.138241|4858
1599777301|0.066480|0.083681|0.143369|0.143463|0.167785|0.167843|4858
1599777361|0.090725|0.108364|0.149287|0.149382|0.168605|0.168709|4858
1599777421|0.061292|0.082235|0.115051|0.115117|0.136192|0.136248|4858
1599777481|0.060105|0.083041|0.174591|0.174688|0.200731|0.200791|4858
1599777541|0.092783|0.109882|0.205840|0.205937|0.224522|0.224686|4858
1599777601|0.125314|0.142973|0.212299|0.212381|0.230739|0.231077|4858
1599777661|0.069431|0.086969|0.173110|0.173220|0.192803|0.192890|4858
1599777721|0.071664|0.088917|0.177652|0.177747|0.195724|0.195789|4858
1599777781|0.070406|0.087704|0.175856|0.175951|0.194334|0.194421|4858
1599777841|0.058971|0.076882|0.141491|0.141580|0.160608|0.160676|4858
1599777901|0.132820|0.152511|0.226103|0.226176|0.244711|0.244799|4858
1599777961|0.095061|0.112416|0.149770|0.149867|0.168627|0.168681|4858
1599778021|0.060868|0.078673|0.127208|0.127287|0.178866|0.178931|4858
1599778081|0.061457|0.078603|0.131489|0.131585|0.173217|0.173277|4858
1599778141|0.054149|0.071617|0.135642|0.135729|0.154211|0.154291|4858
1599778201|0.086626|0.108051|0.201981|0.202067|0.220742|0.220843|4858
1599778261|0.064427|0.081624|0.136635|0.136691|0.179221|0.179290|4858
1599778321|0.034564|0.052073|0.134196|0.134307|0.153300|0.153354|4858
1599778381|0.060722|0.078267|0.153529|0.153622|0.172810|0.172878|4858
1599778441|0.089974|0.107105|0.159871|0.159947|0.204978|0.205041|4858
1599778501|0.028535|0.046007|0.095935|0.096027|0.114499|0.114556|4858
1599778561|0.049826|0.067567|0.153427|0.153526|0.172284|0.172342|4858
1599778621|0.062953|0.080300|0.170320|0.170418|0.188775|0.188834|4858
1599778681|0.061831|0.079268|0.125826|0.125922|0.165895|0.165973|4858
1599778741|0.084008|0.101292|0.147166|0.147224|0.185613|0.185672|4858
1599778801|0.069077|0.088405|0.185116|0.185199|0.206040|0.206122|4858
1599778861|0.060905|0.078303|0.135504|0.135589|0.154523|0.154582|4858
1599778921|0.090735|0.109474|0.167016|0.167095|0.216442|0.216502|4858
1599778981|0.059488|0.077131|0.142783|0.142878|0.161060|0.161252|4858
1599779041|0.092199|0.103564|0.161532|0.161626|0.176430|0.176483|4858
1599779101|0.060869|0.078149|0.130399|0.130478|0.159187|0.159247|4858
1599779161|0.088990|0.106860|0.154474|0.154533|0.196284|0.196342|4858
1599779221|0.073998|0.091329|0.132896|0.132974|0.151391|0.151541|4858
1599779281|0.077282|0.094519|0.194436|0.194514|0.212566|0.212628|4858
1599779341|0.075770|0.099251|0.184003|0.184107|0.203500|0.203571|4858
1599779401|0.080434|0.097876|0.197142|0.205280|0.223721|0.223802|4858
1599779461|0.061210|0.078494|0.187149|0.187242|0.204990|0.205114|4858
1599779521|0.067656|0.085151|0.135836|0.135917|0.187311|0.187375|4858
1599779581|0.053188|0.070601|0.147585|0.147676|0.168727|0.168783|4858
1599779641|0.064394|0.081516|0.114512|0.114589|0.133552|0.133618|4858
1599779701|0.082472|0.099921|0.197828|0.197903|0.215878|0.215981|4858
1599779761|0.061393|0.078590|0.133972|0.134048|0.184112|0.184174|4858
1599779821|0.077636|0.095557|0.197940|0.198037|0.217184|0.217329|4858
1599779881|0.061340|0.078693|0.126902|0.126992|0.153104|0.153163|4858
1599779941|0.079906|0.097693|0.134060|0.134154|0.155249|0.155418|4858
1599780001|0.093851|0.111748|0.205783|0.205884|0.224925|0.225027|4858
1599780061|0.053555|0.071071|0.146466|0.146574|0.165833|0.168492|4858
1599780121|0.074715|0.092070|0.143512|0.143600|0.198344|0.198405|4858
1599780181|0.045566|0.063337|0.132495|0.132582|0.170120|0.170181|4858
1599780241|0.034943|0.052338|0.136695|0.136772|0.156266|0.157438|4858
1599780302|0.073683|0.090915|0.127384|0.127469|0.145425|0.145488|4858
1599780361|0.087172|0.104549|0.147169|0.147261|0.165320|0.165384|4858
1599780421|0.093290|0.112767|0.155432|0.155521|0.216531|0.216594|4858
1599780481|0.061154|0.078377|0.126025|0.126109|0.156562|0.156620|4858
1599780541|0.062426|0.079924|0.163412|0.163502|0.181853|0.181917|4858
1599780601|0.083763|0.101204|0.148636|0.148740|0.167599|0.167660|4858
1599780661|0.124832|0.143101|0.208636|0.208721|0.229651|0.229701|4858
1599780721|0.033317|0.050721|0.117951|0.118050|0.136550|0.136705|4858
1599780781|0.085565|0.103014|0.187529|0.187601|0.208842|0.208905|4858
1599780841|0.071952|0.089375|0.141005|0.141074|0.188242|0.188302|4858
1599780901|0.061045|0.078720|0.172444|0.172540|0.191336|0.191507|4858
1599780961|0.087916|0.105164|0.169784|0.169871|0.191102|0.191161|4858
1599781021|0.060723|0.078360|0.140064|0.140151|0.168575|0.168638|4858
1599781081|0.090151|0.107581|0.144320|0.144412|0.162580|0.162647|4858
1599781141|0.068100|0.085370|0.168373|0.168456|0.186954|0.187015|4858
1599781201|0.101096|0.118606|0.175609|0.175689|0.220582|0.220642|4858
1599781261|0.028538|0.046626|0.136114|0.136200|0.155260|0.155320|4858
1599781321|0.061084|0.078557|0.116606|0.116707|0.134657|0.134748|4858
1599781382|0.049510|0.067022|0.147442|0.147563|0.168342|0.168420|4858
1599781441|0.165657|0.182841|0.305946|0.306046|0.325104|0.325158|4858
1599781501|0.076730|0.094095|0.186908|0.187003|0.205714|0.205827|4858
1599781561|0.062355|0.080556|0.167237|0.167335|0.186544|0.186602|4858
1599781621|0.082338|0.099727|0.157915|0.157991|0.196367|0.196427|4858
1599781681|0.084486|0.101848|0.198983|0.199070|0.217296|0.217397|4858
1599781741|0.029995|0.047117|0.098168|0.098264|0.116505|0.116602|4858
1599781801|0.032804|0.050858|0.114515|0.114598|0.132998|0.133061|4858
1599781861|0.052647|0.069854|0.124619|0.124721|0.144450|0.144511|4858
1599781921|0.073236|0.090480|0.151005|0.151096|0.201621|0.201692|4858
1599781981|0.061741|0.079093|0.120879|0.120969|0.155514|0.155581|4858
1599782041|0.086528|0.103817|0.160207|0.160300|0.209441|0.209506|4858
1599782102|0.076189|0.096171|0.132887|0.132981|0.196583|0.196643|4858
1599782161|0.070856|0.088160|0.157031|0.157115|0.180282|0.180337|4858
1599782221|0.060794|0.078060|0.115941|0.116059|0.134539|0.134597|4858
1599782281|0.105949|0.128380|0.213169|0.213263|0.231617|0.231682|4858
1599782341|0.079248|0.100240|0.196305|0.196360|0.214511|0.214614|4858
1599782401|0.084359|0.102231|0.172603|0.172717|0.201723|0.201782|4858
1599782461|0.084204|0.101851|0.137996|0.138091|0.157718|0.157775|4858
1599782521|0.066636|0.084247|0.130208|0.130297|0.168864|0.168923|4858
1599782581|0.097987|0.115165|0.162652|0.162719|0.183231|0.183300|4858
1599782641|0.057374|0.074932|0.153494|0.153577|0.173286|0.173347|4858
1599782701|0.073454|0.091259|0.135917|0.136023|0.176478|0.176544|4858
1599782761|0.125577|0.143055|0.229531|0.229630|0.248347|0.248468|4858
1599782821|0.043672|0.061157|0.129108|0.129196|0.154831|0.154885|4858
1599782881|0.065170|0.082486|0.175929|0.176020|0.194737|0.194798|4858
1599782941|0.083349|0.104046|0.154110|0.154196|0.192235|0.192302|4858
1599783001|0.078519|0.095885|0.216328|0.216440|0.259350|0.259401|4858
1599783061|0.045631|0.063089|0.124040|0.124132|0.143696|0.143823|4858
1599783121|0.138351|0.155636|0.211931|0.212036|0.229979|0.230062|4858
1599783181|0.074949|0.092502|0.186967|0.187069|0.207058|0.207125|4858
1599783241|0.061015|0.078327|0.132126|0.132219|0.177735|0.177795|4858
1599783301|0.085840|0.103221|0.155569|0.155645|0.176883|0.176936|4858
1599783361|0.060762|0.078408|0.156086|0.156177|0.181414|0.181476|4858
1599783421|0.088436|0.106238|0.161020|0.161106|0.196302|0.196369|4858
1599783481|0.062753|0.080133|0.131960|0.132048|0.169022|0.169087|4858
1599783541|0.061027|0.078520|0.122369|0.122536|0.169045|0.169106|4858
1599783601|0.064255|0.081642|0.137254|0.137314|0.168288|0.168348|4858
1599783661|0.062621|0.079834|0.175749|0.175847|0.194060|0.194202|4858
1599783721|0.082535|0.099979|0.148020|0.148108|0.193549|0.193610|4858
1599783781|0.063776|0.085333|0.133257|0.133344|0.182392|0.182466|4858
1599783841|0.091126|0.108654|0.187663|0.187749|0.206438|0.206586|4858
1599783901|0.086489|0.104276|0.139867|0.139953|0.158293|0.158389|4858
1599783961|0.086632|0.103886|0.154866|0.154963|0.209463|0.209535|4858
1599784021|0.040261|0.057480|0.124497|0.124607|0.142575|0.142641|4858
1599784081|0.060631|0.079471|0.170493|0.170568|0.198065|0.198137|4858
1599784141|0.082068|0.099854|0.150910|0.150998|0.188618|0.188676|4858
1599784201|0.104344|0.121530|0.204954|0.205053|0.226312|0.226373|4858
1599784261|0.145524|0.162648|0.201152|0.201245|0.219176|0.219242|4858
1599784321|0.038176|0.055590|0.141562|0.141625|0.160540|0.160600|4858
1599784381|0.073851|0.091349|0.131211|0.131275|0.150389|0.150510|4858
1599784441|0.038769|0.056488|0.121304|0.121383|0.140722|0.140789|4858
1599784501|0.078063|0.096116|0.145989|0.146097|0.190252|0.190325|4858
1599784561|0.028549|0.046114|0.106724|0.106822|0.125783|0.125850|4858
1599784621|0.062017|0.079480|0.115985|0.116074|0.134012|0.134072|4858
1599784681|0.052612|0.069936|0.130977|0.131070|0.149836|0.149970|4858
1599784741|0.086018|0.103513|0.158161|0.158214|0.180716|0.180780|4858
1599784801|0.071139|0.088883|0.128635|0.128719|0.148023|0.148090|4858
1599784861|0.040352|0.057855|0.158601|0.158695|0.177439|0.177570|4858
1599784921|0.064126|0.081554|0.172822|0.172915|0.192008|0.192071|4858
1599784981|0.035333|0.052823|0.116415|0.116519|0.135356|0.135417|4858
1599785041|0.061164|0.078363|0.123329|0.123399|0.151917|0.151976|4858
1599785101|0.061623|0.078789|0.134144|0.134236|0.183232|0.183301|4858
1599785161|0.124981|0.142969|0.210626|0.210731|0.229179|0.229246|4858
1599785221|0.085189|0.102591|0.156140|0.156235|0.192336|0.192393|4858
1599785281|0.060744|0.078168|0.128231|0.128322|0.181225|0.181293|4858
1599785341|0.068315|0.085499|0.136665|0.136744|0.178880|0.178940|4858
1599785401|0.062364|0.080289|0.168518|0.168615|0.190959|0.191028|4858
1599785461|0.041503|0.058838|0.157974|0.158065|0.176886|0.177031|4858
1599785521|0.078495|0.095621|0.150111|0.150207|0.173484|0.173553|4858
1599785581|0.035939|0.053305|0.109514|0.109595|0.128948|0.129005|4858
1599785641|0.081508|0.098595|0.137872|0.137962|0.156370|0.156438|4858
1599785701|0.074455|0.091735|0.145155|0.145235|0.178421|0.178483|4858
1599785761|0.106859|0.123991|0.216821|0.216920|0.234959|0.235034|4858
1599785821|0.061842|0.078987|0.129360|0.129515|0.175907|0.175967|4858
1599785881|0.081113|0.098408|0.153496|0.153562|0.195761|0.195826|4858
1599785941|0.061278|0.079046|0.137063|0.137140|0.168691|0.168762|4858
1599786001|0.028912|0.046290|0.126250|0.126329|0.145799|0.145870|4858
1599786061|0.073989|0.091220|0.142450|0.142550|0.200348|0.200425|4858
1599786121|0.063650|0.080924|0.179985|0.180092|0.198472|0.198597|4858
1599786181|0.061193|0.078475|0.125483|0.125579|0.182508|0.182573|4858
1599786241|0.077628|0.095289|0.202338|0.202431|0.223411|0.223483|4858
1599786301|0.046297|0.064192|0.131359|0.131453|0.153386|0.153479|4858
1599786361|0.060645|0.078095|0.115667|0.115775|0.134817|0.134879|4858
1599786421|0.151215|0.168359|0.251050|0.251152|0.269030|0.269083|4858
1599786481|0.070179|0.087513|0.141826|0.141916|0.166711|0.166779|4858
1599786541|0.082627|0.099938|0.154921|0.154997|0.185757|0.185818|4858
1599786601|0.061169|0.078795|0.125224|0.125312|0.148296|0.148371|4858
1599786661|0.061666|0.078872|0.145981|0.146070|0.164634|0.164891|4858
1599786721|0.087152|0.098782|0.152008|0.152102|0.198128|0.198184|4858
1599786781|0.091822|0.109072|0.198816|0.198915|0.217000|0.217113|4858
1599786841|0.077960|0.095355|0.152392|0.152468|0.178278|0.178334|4858
1599786901|0.078148|0.095468|0.170715|0.170792|0.189746|0.189896|4858
1599786961|0.061078|0.078213|0.133170|0.133259|0.159700|0.159762|4858
1599787021|0.072623|0.090065|0.129095|0.129172|0.182616|0.182676|4858
1599787081|0.085001|0.102310|0.161928|0.162021|0.180382|0.180440|4858
1599787141|0.089873|0.107280|0.153154|0.153240|0.192792|0.192851|4858
1599787201|0.060831|0.078347|0.130206|0.130302|0.179779|0.179849|4858
1599787261|0.063915|0.081129|0.116593|0.116687|0.135038|0.135101|4858
1599787321|0.158142|0.175578|0.236352|0.236411|0.255009|0.255137|4858
1599787381|0.088739|0.106856|0.165031|0.165141|0.183881|0.185171|4858
1599787441|0.079901|0.091886|0.130160|0.130260|0.143720|0.143778|4858
1599787501|0.092480|0.109668|0.168251|0.168339|0.217002|0.217080|4858
1599787561|0.086004|0.103187|0.150269|0.150357|0.196736|0.196802|4858
1599787621|0.061322|0.078995|0.130345|0.130398|0.163719|0.163777|4858
1599787681|0.079255|0.096349|0.155102|0.155187|0.190381|0.190440|4858
1599787741|0.089590|0.106956|0.148454|0.148542|0.205124|0.205189|4858
1599787802|0.103447|0.120580|0.155963|0.156056|0.216949|0.217006|4858
1599787861|0.070457|0.087880|0.146265|0.146342|0.166100|0.166164|4858
1599787921|0.053173|0.070644|0.144759|0.144841|0.163386|0.163452|4858
1599787981|0.035108|0.052461|0.127792|0.127872|0.147006|0.147084|4858
1599788041|0.084931|0.102392|0.159554|0.159638|0.192270|0.192340|4858
1599788101|0.087172|0.104616|0.161080|0.161173|0.181049|0.181105|4858
1599788161|0.079541|0.097106|0.137955|0.138048|0.197058|0.197121|4858
1599788221|0.061275|0.079517|0.114331|0.114453|0.134606|0.134668|4858
1599788281|0.052445|0.069893|0.150334|0.150429|0.172254|0.172311|4858
1599788341|0.087050|0.104465|0.154711|0.154812|0.209575|0.209642|4858
1599788402|0.064880|0.082040|0.122212|0.122305|0.141316|0.141375|4858
1599788461|0.082177|0.100461|0.197357|0.197445|0.216599|0.216656|4858
1599788521|0.065471|0.082769|0.134478|0.134557|0.178019|0.178089|4858
1599788581|0.069049|0.086590|0.179380|0.179479|0.199430|0.199563|4858
1599788641|0.092706|0.110059|0.149074|0.153869|0.167804|0.167872|4858
1599788702|0.068339|0.085593|0.139456|0.139533|0.184545|0.184606|4858
1599788761|0.069982|0.087297|0.173427|0.173531|0.192704|0.192773|4858
1599788821|0.070304|0.087628|0.148002|0.148097|0.190197|0.190259|4858
1599788881|0.060729|0.078042|0.131832|0.131921|0.180335|0.180393|4858
1599788941|0.074514|0.091780|0.153546|0.153635|0.175923|0.175981|4858
1599789002|0.076552|0.093767|0.150576|0.150673|0.182454|0.182522|4858
1599789061|0.071245|0.088720|0.194063|0.194149|0.218276|0.218330|4858
1599789121|0.095075|0.112390|0.156707|0.156793|0.200534|0.200593|4858
1599789181|0.086078|0.103778|0.155507|0.155596|0.237809|0.237873|4858
1599789241|0.039968|0.057204|0.123058|0.123147|0.141937|0.142050|4858
1599789301|0.063012|0.084514|0.118903|0.118968|0.164812|0.164877|4858
1599789361|0.045459|0.065925|0.153640|0.153744|0.173108|0.173348|4858
1599789421|0.062498|0.082804|0.175602|0.175705|0.198027|0.198086|4858
1599789481|0.077944|0.095110|0.148320|0.148403|0.193486|0.193555|4858
1599789541|0.078613|0.095779|0.138410|0.138489|0.188365|0.188437|4858
1599789602|0.127623|0.145313|0.217781|0.217861|0.247346|0.247397|4858
1599789661|0.063347|0.080716|0.128529|0.128610|0.165831|0.165888|4858
1599789721|0.095095|0.112646|0.150362|0.150458|0.216270|0.216346|4858
1599789781|0.063356|0.096124|0.206331|0.206416|0.239664|0.239722|4858
1599789841|0.064285|0.081491|0.132412|0.132499|0.175435|0.175503|4858
1599789901|0.090884|0.108085|0.142595|0.142684|0.160791|0.160935|4858
1599789961|0.098596|0.115898|0.156323|0.156881|0.220547|0.220606|4858
1599790021|0.081570|0.098964|0.150909|0.150994|0.177176|0.177241|4858
1599790081|0.085974|0.103533|0.150177|0.150254|0.173554|0.173616|4858
1599790141|0.066728|0.084630|0.124599|0.124681|0.160860|0.160920|4858
1599790201|0.060896|0.078146|0.115595|0.115689|0.133886|0.133952|4858
1599790261|0.060843|0.078374|0.125360|0.125435|0.143718|0.143782|4858
1599790321|0.066452|0.083749|0.175571|0.175667|0.251179|0.251238|4858
1599790381|0.061463|0.079059|0.137939|0.138071|0.178244|0.178310|4858
1599790441|0.060904|0.078492|0.129112|0.129196|0.171046|0.171114|4858
1599790501|0.064961|0.082161|0.125318|0.125404|0.171518|0.171577|4858
1599790561|0.051188|0.069353|0.128239|0.128332|0.146641|0.146697|4858
1599790621|0.071619|0.088956|0.173972|0.174062|0.192590|0.192665|4858
1599790681|0.090405|0.108222|0.190132|0.190219|0.209497|0.209559|4858
1599790741|0.078356|0.095704|0.155677|0.156455|0.174489|0.174557|4858
1599790801|0.061108|0.078485|0.134015|0.134093|0.155707|0.155763|4858
1599790861|0.067300|0.084709|0.167259|0.167352|0.185656|0.185814|4858
1599790921|0.061195|0.072868|0.126130|0.126227|0.175992|0.176055|4858
1599790981|0.062104|0.079605|0.131829|0.131933|0.153376|0.153436|4858
1599791041|0.125465|0.142641|0.210775|0.210873|0.229008|0.229143|4858
1599791101|0.071136|0.088431|0.138527|0.138602|0.170525|0.170603|4858
1599791161|0.061225|0.078664|0.169384|0.169482|0.187771|0.187880|4858
1599791221|0.095853|0.113125|0.172928|0.173011|0.200227|0.200301|4858
1599791281|0.065923|0.083129|0.115758|0.115853|0.134327|0.134447|4858
1599791341|0.039138|0.056543|0.125696|0.125776|0.147608|0.147661|4858
1599791401|0.078887|0.096217|0.133333|0.133447|0.151598|0.151675|4858
1599791461|0.072524|0.090375|0.172075|0.172164|0.190725|0.190851|4858
1599791521|0.063145|0.080600|0.161651|0.161734|0.180224|0.180327|4858
1599791581|0.060766|0.078221|0.132391|0.132486|0.180174|0.180238|4858
1599791641|0.040969|0.058463|0.121969|0.122060|0.140815|0.140874|4858
1599791701|0.064279|0.081648|0.119556|0.119657|0.137773|0.137910|4858
1599791761|0.093075|0.110482|0.168800|0.168881|0.192490|0.192548|4858
1599791821|0.079691|0.096995|0.181814|0.181922|0.200254|0.200334|4858
1599791881|0.060957|0.078193|0.128948|0.129037|0.163887|0.163954|4858
1599791941|0.060909|0.078772|0.120353|0.120540|0.175862|0.175920|4858
1599792001|0.073889|0.091437|0.189204|0.189277|0.208344|0.208415|4858
1599792061|0.087420|0.104978|0.146119|0.146211|0.165625|0.165681|4858
1599792121|0.073273|0.090624|0.132349|0.132442|0.194198|0.194270|4858
1599792181|0.083824|0.101198|0.161589|0.161657|0.180475|0.180541|4858
1599792241|0.062203|0.079678|0.136330|0.136424|0.157206|0.157276|4858
1599792301|0.058443|0.075611|0.142113|0.142189|0.160379|0.160492|4858
1599792361|0.050591|0.067742|0.140895|0.140997|0.158803|0.158871|4858
1599792421|0.089530|0.106650|0.161704|0.161783|0.184431|0.184492|4858
1599792481|0.060888|0.078159|0.172866|0.172966|0.192670|0.192781|4858
1599792541|0.079596|0.096727|0.154352|0.197677|0.215499|0.215564|4858
1599792601|0.068987|0.086094|0.135233|0.135340|0.188429|0.188506|4858
1599792661|0.063969|0.081232|0.149867|0.149969|0.167877|0.167936|4858
1599792721|0.081603|0.099170|0.150651|0.150726|0.197267|0.197336|4858
1599792781|0.090218|0.107707|0.157460|0.157541|0.189706|0.189766|4858
1599792841|0.061859|0.079230|0.120217|0.120306|0.151699|0.151758|4858
1599792901|0.058871|0.076373|0.140883|0.140974|0.159920|0.160152|4858
1599792961|0.061236|0.079390|0.130877|0.130960|0.177247|0.177306|4858
1599793021|0.038569|0.056007|0.121040|0.121129|0.139411|0.139529|4858
1599793081|0.055757|0.073088|0.137001|0.137067|0.155208|0.155394|4858
1599793141|0.069170|0.086979|0.143577|0.143662|0.188862|0.188923|4858
1599793201|0.069887|0.081449|0.125428|0.125519|0.138116|0.138175|4858
1599793261|0.061149|0.078356|0.117063|0.117154|0.174374|0.174452|4858
1599793321|0.077231|0.094787|0.144599|0.144689|0.168353|0.168431|4858
1599793381|0.061147|0.078463|0.122645|0.122743|0.175344|0.175408|4858
1599793441|0.069716|0.087070|0.148945|0.149033|0.168248|0.168323|4858
1599793501|0.070476|0.087800|0.199030|0.199134|0.217540|0.217644|4858
1599793561|0.101356|0.118635|0.172790|0.172885|0.200687|0.200743|4858
1599793621|0.063143|0.080495|0.139787|0.139876|0.158347|0.158408|4858
1599793681|0.061678|0.079107|0.115541|0.115637|0.159927|0.159985|4858
1599793741|0.041846|0.059645|0.122681|0.122767|0.142003|0.142059|4858
1599793801|0.092509|0.109763|0.165899|0.165981|0.185077|0.185150|4858
1599793861|0.064504|0.081756|0.138276|0.138362|0.156641|0.156828|4858
1599793921|0.060765|0.078109|0.126499|0.126592|0.179274|0.179333|4858
1599793981|0.047165|0.064451|0.138248|0.138341|0.158476|0.158641|4858
1599794041|0.091211|0.108595|0.165368|0.165457|0.196581|0.196647|4858
1599794101|0.062409|0.079607|0.146074|0.146169|0.164070|0.164209|4858
1599794161|0.030140|0.047697|0.158046|0.158135|0.176302|0.176380|4858
1599794221|0.064028|0.081150|0.175380|0.175465|0.197699|0.197764|4858
1599794281|0.063714|0.081001|0.135562|0.135660|0.173205|0.173274|4858
1599794341|0.071595|0.088997|0.145905|0.145994|0.190396|0.190457|4858
1599794401|0.094939|0.112126|0.156500|0.156599|0.200260|0.200337|4858
1599794461|0.081749|0.099753|0.152996|0.153090|0.192544|0.192614|4858
1599794521|0.064312|0.081572|0.138005|0.138096|0.160187|0.160251|4858
1599794581|0.090330|0.107739|0.151163|0.151254|0.204603|0.204677|4858
1599794641|0.087347|0.104547|0.190426|0.190506|0.208710|0.208784|4858
1599794701|0.081960|0.107350|0.159889|0.159949|0.210274|0.210339|4858
1599794761|0.062813|0.080015|0.147589|0.147677|0.167263|0.167325|4858
1599794821|0.077730|0.095118|0.162593|0.162669|0.182250|0.182319|4858
1599794881|0.106558|0.123865|0.216981|0.217101|0.235354|0.235419|4858
1599794941|0.061023|0.078399|0.116235|0.116329|0.135274|0.135481|4858
1599795001|0.525606|0.542796|0.570171|0.570240|0.590611|0.590689|4858
1599795061|0.061012|0.078170|0.132984|0.133081|0.176746|0.176809|4858
1599795121|0.061575|0.079049|0.120623|0.122374|0.140238|0.140309|4858
1599795181|0.151769|0.172909|0.236432|0.236522|0.255407|0.255457|4858
1599795241|0.086470|0.104037|0.142931|0.143029|0.161293|0.161363|4858
1599795301|0.064302|0.085013|0.129775|0.129863|0.185195|0.185256|4858
1599795361|0.087642|0.104952|0.139918|0.140016|0.158101|0.158170|4858
1599795421|0.061331|0.078627|0.130231|0.130329|0.165096|0.165158|4858
1599795481|0.080852|0.097957|0.189830|0.189912|0.208329|0.208460|4858
1599795541|0.075114|0.094325|0.150400|0.150482|0.176605|0.176665|4858
1599795601|0.086235|0.103674|0.206742|0.206829|0.225831|0.225909|4858
1599795661|0.028568|0.046032|0.086215|0.086272|0.105033|0.105111|4858
1599795721|0.092711|0.110078|0.163949|0.164035|0.200884|0.200952|4858
1599795781|0.063703|0.081078|0.135950|0.136026|0.154025|0.154086|4858
1599795841|0.062970|0.080473|0.115966|0.116043|0.134092|0.134263|4858
1599795901|0.077654|0.094864|0.183038|0.183125|0.201652|0.202054|4858
1599795961|0.073748|0.085298|0.121685|0.121779|0.134076|0.134186|4858
1599796021|0.037286|0.054600|0.121030|0.121107|0.139939|0.140015|4858
1599796081|0.100533|0.118345|0.173539|0.173626|0.196774|0.196836|4858
1599796141|0.060667|0.077981|0.134287|0.134365|0.177018|0.177076|4858
1599796201|0.088114|0.105286|0.181047|0.181142|0.204397|0.204456|4858
1599796261|0.061522|0.079052|0.119995|0.120176|0.172127|0.172184|4858
1599796321|0.029596|0.046972|0.107535|0.107619|0.126064|0.126127|4858
1599796381|0.092879|0.110337|0.163830|0.163928|0.200886|0.200953|4858
1599796441|0.060838|0.081828|0.128585|0.128657|0.166036|0.166094|4858
1599796501|0.089287|0.106858|0.159033|0.159119|0.196412|0.196480|4858
1599796561|0.063242|0.081024|0.164912|0.165004|0.183355|0.183415|4858
1599796621|0.061824|0.079251|0.174467|0.174577|0.193325|0.193383|4858
1599796681|0.038930|0.056290|0.119073|0.119169|0.137392|0.137454|4858
1599796741|0.064618|0.082060|0.161257|0.161329|0.179957|0.180018|4858
1599796801|0.054968|0.072305|0.147039|0.147132|0.165755|0.165913|4858
1599796861|0.069642|0.086873|0.164326|0.164441|0.183368|0.183433|4858
1599796921|0.030458|0.047844|0.113979|0.114091|0.132315|0.132444|4858
1599796981|0.082157|0.099560|0.146409|0.146499|0.192778|0.192836|4858
1599797041|0.072082|0.089314|0.159906|0.159982|0.188702|0.188788|4858
1599797101|0.080545|0.097645|0.137014|0.137121|0.155492|0.155555|4858
1599797161|0.062021|0.079242|0.123765|0.123848|0.149163|0.149225|4858
1599797221|0.064096|0.081328|0.119074|0.119152|0.176017|0.176088|4858
1599797281|0.086835|0.104061|0.157447|0.157553|0.201704|0.201773|4858
1599797341|0.057203|0.074645|0.150023|0.150393|0.168952|0.169040|4858
1599797401|0.061887|0.079400|0.136476|0.136560|0.155817|0.155883|4858
1599797461|0.028574|0.052171|0.149725|0.149825|0.168070|0.168128|4858
1599797521|0.042891|0.060379|0.127589|0.127708|0.146140|0.146199|4858
1599797581|0.076867|0.094105|0.151742|0.151824|0.192855|0.192911|4858
1599797641|0.067158|0.084813|0.141458|0.141549|0.163416|0.163478|4858
1599797701|0.061660|0.079083|0.172760|0.172849|0.191470|0.191539|4858
1599797761|0.061232|0.078424|0.120941|0.121020|0.139535|0.139607|4858
1599797821|0.126367|0.144023|0.215825|0.215910|0.234189|0.247287|4858
1599797881|0.060733|0.077907|0.175084|0.175185|0.193420|0.193498|4858
1599797941|0.061648|0.079098|0.130827|0.130934|0.153495|0.153551|4858
1599798001|0.075897|0.093352|0.146687|0.146784|0.198611|0.198684|4858
1599798061|0.028537|0.049300|0.190609|0.190699|0.266133|0.266200|4858
1599798121|0.048972|0.066134|0.136276|0.136351|0.154952|0.155108|4858
1599798181|0.052673|0.069844|0.132813|0.132908|0.151111|0.151172|4858
1599798241|0.082375|0.099574|0.153768|0.153843|0.173210|0.173267|4858
1599798301|0.087544|0.105054|0.148660|0.148746|0.212788|0.212851|4858
1599798361|0.089204|0.129721|0.213822|0.213922|0.232194|0.232274|4858
1599798421|0.047259|0.064491|0.127610|0.127697|0.146256|0.146313|4858
1599798481|0.070075|0.087211|0.134954|0.135036|0.183803|0.183864|4858
1599798541|0.088182|0.106703|0.147071|0.147156|0.166391|0.166596|4858
1599798601|0.060864|0.078291|0.154086|0.154183|0.180164|0.180235|4858
1599798661|0.070976|0.088210|0.132644|0.132723|0.150825|0.150883|4858
1599798721|0.125463|0.142844|0.210832|0.210931|0.229324|0.229400|4858
1599798781|0.061653|0.078975|0.131303|0.131364|0.176749|0.176807|4858
1599798841|0.061851|0.079797|0.122704|0.122797|0.159631|0.159689|4858
1599798901|0.099312|0.116968|0.169067|0.169159|0.220432|0.220490|4858
1599798961|0.085560|0.102933|0.140647|0.140723|0.158863|0.158932|4858
1599799021|0.091110|0.108843|0.189637|0.189731|0.208181|0.208258|4858
1599799082|0.067686|0.085094|0.127745|0.127843|0.181219|0.181280|4858
1599799141|0.090467|0.108050|0.197180|0.197289|0.215603|0.215674|4858
1599799201|0.125339|0.144028|0.200229|0.200333|0.223813|0.223891|4858
1599799261|0.133581|0.153860|0.292037|0.292128|0.315341|0.315398|4858
1599799321|0.069082|0.086360|0.133258|0.133356|0.189743|0.189802|4858
1599799381|0.063554|0.080928|0.168135|0.168227|0.186438|0.186549|4858
1599799441|0.060908|0.078459|0.118364|0.118463|0.174214|0.174273|4858
1599799501|0.069996|0.087396|0.173452|0.173558|0.192459|0.192533|4858
1599799561|0.076972|0.094186|0.170101|0.170184|0.188264|0.188326|4858
1599799622|0.094298|0.111537|0.154735|0.154832|0.172860|0.172919|4858
1599799681|0.094821|0.112102|0.198125|0.198234|0.216536|0.216601|4858
1599799741|0.076223|0.093518|0.133789|0.133901|0.190666|0.190727|4858
1599799801|0.090392|0.107763|0.189676|0.189766|0.208268|0.208339|4858
1599799861|0.063955|0.082434|0.129710|0.129798|0.181051|0.181125|4858
1599799921|0.081161|0.098404|0.190347|0.190448|0.208820|0.208887|4858
1599799981|0.043313|0.061233|0.123406|0.123498|0.142063|0.142126|4858
1599800041|0.062221|0.079475|0.130153|0.130241|0.175357|0.175416|4858
1599800101|0.081265|0.103911|0.153026|0.153119|0.181492|0.181555|4858
1599800161|0.074060|0.091293|0.184706|0.184798|0.202754|0.202836|4858
1599800221|0.086918|0.104658|0.154083|0.154161|0.193621|0.193689|4858
1599800281|0.069582|0.087592|0.128328|0.128406|0.146904|0.146959|4858
1599800341|0.069214|0.087053|0.175880|0.175985|0.194845|0.194902|4858
1599800401|0.164157|0.181686|0.268284|0.268364|0.287101|0.287150|4858
1599800461|0.078670|0.095970|0.141988|0.142082|0.166550|0.166612|4858
1599800521|0.080462|0.097612|0.128722|0.128801|0.147486|0.147551|4858
1599800581|0.154007|0.184788|0.244235|0.244315|0.262658|0.262708|4858
1599800641|0.062120|0.082623|0.133436|0.133537|0.186706|0.186772|4858
1599800701|0.091802|0.109232|0.146135|0.146232|0.164905|0.165103|4858
1599800761|0.064778|0.083134|0.130087|0.130144|0.167837|0.167908|4858
1599800821|0.076014|0.093433|0.181657|0.181754|0.199991|0.200072|4858
1599800881|0.067754|0.085443|0.130767|0.130847|0.182385|0.182451|4858
1599800941|0.061187|0.078380|0.118447|0.118544|0.150777|0.150842|4858
1599801001|0.055125|0.072334|0.135529|0.135602|0.153666|0.153873|4858
1599801061|0.061656|0.079014|0.116158|0.116238|0.134239|0.134342|4858
1599801121|0.070768|0.088006|0.140943|0.141030|0.182652|0.182715|4858
1599801181|0.060436|0.077980|0.150899|0.150972|0.169784|0.169848|4858
1599801241|0.064479|0.081785|0.173255|0.173346|0.191625|0.191778|4858
1599801301|0.124908|0.142148|0.228117|0.228197|0.246261|0.246354|4858
1599801361|0.087641|0.104795|0.144141|0.144245|0.162697|0.162809|4858
1599801422|0.060991|0.078309|0.136501|0.136599|0.165334|0.165402|4858
1599801481|0.088509|0.105927|0.146488|0.146565|0.164996|0.165066|4858
1599801541|0.076520|0.094054|0.140022|0.140106|0.176245|0.176312|4858
1599801601|0.061115|0.078997|0.150667|0.150773|0.169715|0.169792|4858
1599801661|0.032849|0.049941|0.128921|0.129016|0.151840|0.151905|4858
1599801721|0.061860|0.079171|0.132615|0.155036|0.173123|0.173262|4858
1599801781|0.061123|0.078663|0.137099|0.137202|0.172967|0.173036|4858
1599801841|0.147969|0.165119|0.229222|0.229315|0.247169|0.247232|4858
1599801901|0.074588|0.091856|0.144891|0.144969|0.182488|0.182549|4858
1599801961|0.061866|0.079240|0.122171|0.122250|0.178063|0.178123|4858
1599802021|0.068128|0.085755|0.179507|0.179608|0.198317|0.198457|4858
1599802081|0.095792|0.112982|0.150393|0.150484|0.168709|0.168773|4858
1599802141|0.130240|0.147452|0.213678|0.213759|0.231711|0.231772|4858
1599802201|0.070055|0.089821|0.138118|0.138213|0.186473|0.186541|4858
1599802261|0.071822|0.091363|0.137077|0.137151|0.189128|0.189201|4858
1599802321|0.063148|0.081097|0.130878|0.130959|0.151011|0.151066|4858
1599802381|0.141759|0.159056|0.212230|0.212316|0.231091|0.231145|4858
1599802441|0.064580|0.082058|0.168223|0.168287|0.186469|0.186540|4858
1599802501|0.061038|0.078593|0.135659|0.135737|0.170796|0.170863|4858
1599802561|0.063210|0.080669|0.151557|0.151656|0.175083|0.175144|4858
1599802621|0.079471|0.097046|0.158249|0.158335|0.177560|0.177618|4858
1599802681|0.062857|0.080022|0.120370|0.120442|0.138484|0.138588|4858
1599802741|0.070610|0.087968|0.142065|0.142147|0.176825|0.176884|4858
1599802801|0.061580|0.079280|0.117981|0.118065|0.136441|0.136505|4858
1599802861|0.063223|0.080749|0.112111|0.112196|0.133456|0.133558|4858
1599802921|0.051973|0.069356|0.131688|0.131777|0.150233|0.150361|4858
1599802981|0.052343|0.069762|0.149352|0.149432|0.168064|0.168131|4858
1599803041|0.062842|0.080166|0.129448|0.129509|0.167397|0.167456|4858
1599803101|0.087881|0.105293|0.197952|0.198049|0.216548|0.216617|4858
1599803161|0.042694|0.059878|0.201189|0.201300|0.219460|0.219521|4858
1599803221|0.066458|0.083804|0.119773|0.119868|0.138627|0.138721|4858
1599803281|0.067910|0.085357|0.128904|0.128974|0.174413|0.174481|4858
1599803341|0.065639|0.083045|0.182268|0.182360|0.200852|0.200926|4858
1599803401|0.056109|0.073923|0.137678|0.137759|0.157293|0.157356|4858
1599803461|0.037389|0.054540|0.127891|0.127975|0.146362|0.146570|4858
1599803521|0.046738|0.064610|0.136583|0.136690|0.155429|0.155488|4858
1599803581|0.090489|0.107870|0.161549|0.161642|0.180627|0.180684|4858
1599803641|0.064093|0.081544|0.135614|0.175993|0.194239|0.194406|4858
1599803701|0.063972|0.081433|0.173478|0.173577|0.192321|0.192390|4858
1599803761|0.028534|0.045944|0.129775|0.129875|0.154656|0.154718|4858
1599803821|0.071543|0.088780|0.181588|0.181691|0.200267|0.200348|4858
1599803881|0.094147|0.105841|0.154902|0.155009|0.212440|0.212510|4858
1599803941|0.063340|0.080491|0.175930|0.176013|0.194013|0.194195|4858
1599804001|0.082777|0.099913|0.147854|0.147921|0.193350|0.193411|4858
1599804061|0.133969|0.167738|0.225283|0.225362|0.256324|0.256383|4858
1599804121|0.055919|0.073479|0.158046|0.158109|0.177477|0.177626|4858
1599804181|0.074779|0.100141|0.190831|0.190927|0.216017|0.216080|4858
1599804241|0.089810|0.108323|0.186119|0.186216|0.209481|0.209540|4858
1599804301|0.069816|0.087729|0.134085|0.134176|0.170874|0.170942|4858
1599804361|0.073022|0.090556|0.130096|0.130182|0.165596|0.165655|4858
1599804421|0.058762|0.076624|0.138893|0.138974|0.157698|0.157878|4858
1599804481|0.076768|0.094165|0.181639|0.181726|0.200011|0.200072|4858
1599804541|0.087291|0.105219|0.157963|0.158053|0.193386|0.193452|4858
1599804601|0.078592|0.095929|0.158260|0.158345|0.198001|0.198062|4858
1599804661|0.061348|0.078617|0.134637|0.134722|0.152907|0.152977|4858
1599804721|0.074711|0.091949|0.145818|0.145909|0.180464|0.180525|4858
1599804781|0.067459|0.084951|0.183124|0.183232|0.201488|0.201567|4858
1599804841|0.066076|0.083229|0.132693|0.132787|0.163305|0.163364|4858
1599804901|0.093164|0.110635|0.164429|0.164518|0.204867|0.204933|4858
1599804961|0.030414|0.047749|0.111986|0.112081|0.130316|0.130372|4858
1599805021|0.069377|0.086555|0.130270|0.130410|0.186584|0.186662|4858
1599805081|0.063226|0.080406|0.140928|0.141014|0.159253|0.159310|4858
1599805141|0.095453|0.112879|0.160403|0.160494|0.205128|0.205198|4858
1599805201|0.070536|0.098782|0.187015|0.187097|0.205574|0.205651|4858
1599805261|0.030017|0.047070|0.113235|0.113322|0.131978|0.132109|4858
1599805321|0.069168|0.086627|0.147475|0.147564|0.175037|0.175102|4858
1599805381|0.063988|0.081153|0.135736|0.135817|0.171837|0.171912|4858
1599805441|0.072747|0.090027|0.146559|0.146636|0.172669|0.172734|4858
1599805501|0.546791|0.564155|0.601192|0.601292|0.641695|0.641783|4858
1599805561|0.062825|0.083880|0.151857|0.151913|0.172114|0.172167|4858
1599805621|0.114861|0.132740|0.228998|0.229094|0.248407|0.248475|4858
1599805681|0.080408|0.097587|0.139195|0.139268|0.186341|0.186401|4858
1599805741|0.097989|0.115578|0.205825|0.205921|0.231707|0.231825|4858
1599805801|0.090436|0.107584|0.213814|0.213898|0.232285|0.232347|4858
1599805861|0.067245|0.084606|0.125131|0.125237|0.144200|0.144344|4858
1599805922|0.158340|0.175785|0.239994|0.240070|0.258343|0.258470|4858
1599805981|0.047544|0.065397|0.131556|0.131662|0.149641|0.149702|4858
1599806041|0.061142|0.078613|0.122189|0.122272|0.172030|0.172097|4858
1599806101|0.061757|0.079078|0.196697|0.196796|0.215024|0.215092|4858
1599806161|0.073993|0.091259|0.185052|0.185173|0.203223|0.203356|4858
1599806221|0.036283|0.053929|0.168410|0.168539|0.186687|0.186751|4858
1599806281|0.062015|0.080238|0.133286|0.133366|0.154980|0.155048|4858
1599806341|0.061229|0.078617|0.173057|0.173144|0.191715|0.191782|4858
1599806401|0.061781|0.079033|0.123701|0.123797|0.177843|0.177902|4858
1599806461|0.125978|0.143226|0.220822|0.220898|0.239425|0.239558|4858
1599806521|0.070915|0.088367|0.148832|0.148915|0.167595|0.167662|4858
1599806581|0.068584|0.085805|0.118451|0.118546|0.169356|0.169428|4858
1599806641|0.088346|0.106159|0.166420|0.166499|0.201281|0.201345|4858
1599806701|0.051212|0.068365|0.155496|0.155580|0.177038|0.177093|4858
1599806761|0.035199|0.052590|0.113241|0.113343|0.131513|0.131710|4858
1599806821|0.096184|0.113488|0.205047|0.205149|0.223167|0.223231|4858
1599806881|0.063327|0.080661|0.121320|0.121409|0.139704|0.139766|4858
1599806941|0.080184|0.097654|0.138909|0.139004|0.157443|0.157511|4858
1599807001|0.086872|0.104282|0.143544|0.143628|0.188804|0.188863|4858
1599807061|0.072639|0.089877|0.169225|0.169323|0.187636|0.187701|4858
1599807121|0.062209|0.081578|0.134330|0.134428|0.185745|0.185808|4858
1599807181|0.073902|0.091199|0.140700|0.140802|0.188980|0.189051|4858
1599807241|0.060777|0.077877|0.168136|0.168231|0.187082|0.187201|4858
1599807301|0.064884|0.082114|0.122536|0.122601|0.140916|0.140984|4858
1599807361|0.028530|0.053492|0.163326|0.163399|0.182044|0.182104|4858
1599807421|0.076650|0.094254|0.187312|0.187395|0.205959|0.206129|4858
1599807481|0.066828|0.084082|0.140864|0.140941|0.183002|0.183060|4858
1599807541|0.105508|0.122701|0.177906|0.177984|0.196155|0.196212|4858
1599807601|0.061183|0.078685|0.118529|0.118609|0.137363|0.137429|4858
1599807661|0.062151|0.079739|0.116902|0.116983|0.135377|0.135432|4858
1599807721|0.129109|0.146161|0.213943|0.214022|0.258811|0.258862|4858
1599807781|0.125674|0.142729|0.199786|0.199876|0.218607|0.218711|4858
1599807841|0.128319|0.145498|0.214144|0.214226|0.234408|0.234459|4858
1599807901|0.061545|0.079694|0.133354|0.133453|0.185529|0.185592|4858
1599807961|0.061361|0.078650|0.118406|0.119722|0.138213|0.138269|4858
1599808021|0.102326|0.119644|0.173137|0.173223|0.208335|0.208409|4858
1599808081|0.061137|0.078390|0.128924|0.129008|0.177483|0.177546|4858
1599808141|0.066828|0.084685|0.171790|0.171886|0.191336|0.191406|4858
1599808201|0.087822|0.105525|0.209319|0.209425|0.227669|0.227732|4858
1599808261|0.091629|0.109308|0.146357|0.146438|0.167947|0.168018|4858
1599808321|0.145093|0.162295|0.224912|0.225031|0.244969|0.245104|4858
1599808381|0.061440|0.079787|0.131551|0.131627|0.157176|0.157239|4858
1599808441|0.068621|0.085825|0.125977|0.126089|0.144137|0.144192|4858
1599808501|0.060637|0.080083|0.152502|0.152607|0.171315|0.171449|4858
1599808561|0.060855|0.078026|0.128212|0.128289|0.164058|0.164118|4858
1599808621|0.072627|0.090132|0.131139|0.131215|0.186962|0.187025|4858
1599808681|0.061262|0.078446|0.153748|0.153840|0.180961|0.181023|4858
1599808741|0.125135|0.142621|0.206893|0.206978|0.226420|0.226481|4858
1599808801|0.069348|0.089151|0.145049|0.145143|0.167286|0.167347|4858
1599808861|0.086146|0.103415|0.158364|0.158454|0.177487|0.177546|4858
1599808921|0.051158|0.068737|0.134943|0.135040|0.153445|0.153508|4858
1599808981|0.076170|0.093487|0.150348|0.150423|0.180541|0.180609|4858
1599809041|0.041695|0.058980|0.137249|0.137334|0.164313|0.164371|4858
1599809101|0.086185|0.103850|0.163357|0.163433|0.184878|0.184940|4858
1599809161|0.067599|0.084985|0.126158|0.126237|0.144474|0.144546|4858
1599809221|0.070236|0.087664|0.141161|0.141243|0.165797|0.165856|4858
1599809281|0.070917|0.088173|0.141634|0.141731|0.163346|0.163446|4858
1599809341|0.153157|0.170174|0.239645|0.239745|0.260717|0.260813|4858
1599809401|0.052194|0.070165|0.152039|0.152117|0.173043|0.173107|4858
1599809461|0.060979|0.078145|0.130674|0.130755|0.152652|0.152710|4858
1599809521|0.064985|0.082243|0.137005|0.137089|0.172702|0.172783|4858
1599809581|0.073227|0.090748|0.126289|0.126382|0.186119|0.186183|4858
1599809641|0.043230|0.060323|0.125705|0.125787|0.158430|0.158496|4858
1599809701|0.071362|0.088950|0.144673|0.144750|0.165740|0.165798|4858
1599809761|0.061679|0.078838|0.132250|0.132345|0.176506|0.176562|4858
1599809821|0.052633|0.070028|0.141029|0.141126|0.159216|0.159276|4858
1599809881|0.039207|0.056642|0.143196|0.143286|0.162896|0.162958|4858
1599809941|0.060948|0.078350|0.131247|0.131341|0.152087|0.152148|4858
1599810001|0.076811|0.094073|0.177241|0.177325|0.195729|0.195931|4858
1599810061|0.078295|0.095530|0.150922|0.150997|0.176529|0.176594|4858
1599810121|0.061939|0.079163|0.168893|0.168988|0.187116|0.187274|4858
1599810181|0.126007|0.143081|0.204877|0.204971|0.225900|0.225963|4858
1599810241|0.052153|0.069677|0.148642|0.148719|0.167211|0.168543|4858
1599810301|0.076644|0.094940|0.184849|0.184954|0.208249|0.208379|4858
1599810361|0.028507|0.045856|0.090054|0.090147|0.109758|0.109822|4858
1599810421|0.082886|0.100127|0.140214|0.140309|0.204312|0.204378|4858
1599810481|0.067680|0.085463|0.148527|0.152645|0.170769|0.170864|4858
1599810541|0.075075|0.092340|0.183326|0.183415|0.201705|0.201774|4858
1599810601|0.056772|0.074169|0.159002|0.159075|0.181146|0.181205|4858
1599810661|0.072173|0.089335|0.146781|0.146868|0.172459|0.172515|4858
1599810721|0.167236|0.184305|0.236809|0.236931|0.254866|0.254981|4858
1599810781|0.061464|0.078686|0.125446|0.125541|0.183318|0.183376|4858
1599810841|0.092202|0.109414|0.149797|0.149850|0.167913|0.168006|4858
1599810901|0.037786|0.054939|0.189894|0.189994|0.208323|0.208420|4858
1599810961|0.028495|0.046903|0.141860|0.141969|0.161277|0.161336|4858
1599811021|0.079921|0.098532|0.154791|0.154858|0.200631|0.200693|4858
1599811081|0.125305|0.142805|0.207329|0.207429|0.225881|0.225951|4858
1599811141|0.080538|0.098458|0.137074|0.137190|0.155940|0.156012|4858
1599811201|0.061547|0.078927|0.126004|0.126089|0.159921|0.159982|4858
1599811261|0.125297|0.142598|0.209723|0.209804|0.231268|0.231318|4858
1599811321|0.035072|0.052254|0.138286|0.138427|0.166558|0.166619|4858
1599811381|0.067183|0.084390|0.133700|0.133795|0.175485|0.175550|4858
1599811441|0.061228|0.078398|0.133524|0.133613|0.161475|0.161538|4858
1599811501|0.064348|0.083088|0.131649|0.131751|0.180373|0.180437|4858
1599811561|0.034037|0.051205|0.118676|0.118749|0.137135|0.137204|4858
1599811621|0.060806|0.079403|0.142324|0.142406|0.161201|0.161272|4858
1599811681|0.041209|0.058447|0.129856|0.129945|0.148080|0.148146|4858
1599811741|0.065701|0.082969|0.157916|0.158009|0.177240|0.177302|4858
1599811801|0.078954|0.096136|0.141128|0.141218|0.192307|0.192378|4858
1599811861|0.080783|0.098646|0.140736|0.140844|0.197944|0.198013|4858
1599811921|0.128748|0.145898|0.213049|0.213142|0.231662|0.231728|4858
1599811981|0.088237|0.106107|0.159595|0.159677|0.205237|0.205308|4858
1599812041|0.074314|0.092821|0.149040|0.149135|0.202581|0.202659|4858
1599812101|0.156053|0.174065|0.264858|0.264924|0.283888|0.284122|4858
1599812161|0.061583|0.078773|0.116876|0.116974|0.134830|0.134957|4858
1599812221|0.087495|0.104725|0.158352|0.158434|0.176874|0.176940|4858
1599812281|0.159730|0.177163|0.256090|0.256192|0.274119|0.274182|4858
1599812341|0.070506|0.087744|0.130161|0.130236|0.148355|0.148418|4858
1599812401|0.074992|0.092433|0.190828|0.190918|0.234106|0.234241|4858
1599812461|0.061764|0.079159|0.122944|0.123119|0.180117|0.180176|4858
1599812521|0.066228|0.084082|0.168363|0.168442|0.186929|0.203137|4858
1599812581|0.033096|0.050235|0.128685|0.128773|0.149271|0.149327|4858
1599812641|0.060924|0.078290|0.119964|0.120033|0.177503|0.177568|4858
1599812701|0.029273|0.048849|0.109686|0.109778|0.129029|0.129902|4858
1599812761|0.090706|0.107939|0.154413|0.154506|0.184910|0.184969|4858
1599812821|0.068454|0.085729|0.143738|0.143820|0.172305|0.172370|4858
1599812881|0.061621|0.083396|0.184157|0.184256|0.203133|0.203202|4858
1599812941|0.092737|0.109902|0.146359|0.146455|0.164679|0.164736|4858
1599813001|0.067440|0.084673|0.140823|0.140900|0.174935|0.174995|4858
1599813061|0.076957|0.088509|0.133152|0.133231|0.186764|0.186828|4858
1599813121|0.065059|0.082201|0.176979|0.177079|0.195504|0.195631|4858
1599813181|0.063954|0.081576|0.176418|0.176520|0.194646|0.194767|4858
1599813241|0.092450|0.109630|0.162539|0.162648|0.196283|0.196346|4858
1599813301|0.092983|0.110330|0.157534|0.157610|0.184247|0.184304|4858
1599813361|0.085412|0.102875|0.156037|0.156131|0.199697|0.199760|4858
1599813421|0.084251|0.101646|0.144404|0.144498|0.162496|0.162587|4858
1599813481|0.043282|0.062396|0.113563|0.113648|0.133080|0.133216|4858
1599813541|0.074856|0.091979|0.437261|0.437358|0.480688|0.480761|4858
1599813601|0.060759|0.081020|0.160307|0.160401|0.180114|0.180178|4858
1599813661|0.091070|0.108272|0.151383|0.151464|0.169595|0.169894|4858
1599813722|0.078060|0.095296|0.150266|0.150362|0.197420|0.197478|4858
1599813781|0.035947|0.057289|0.136904|0.137006|0.155817|0.155887|4858
1599813841|0.074637|0.092136|0.147430|0.147518|0.197887|0.197962|4858
1599813901|0.079252|0.096635|0.143921|0.144015|0.186295|0.186357|4858
1599813961|0.061637|0.078974|0.170295|0.170391|0.188776|0.188852|4858
1599814021|0.056669|0.074067|0.139519|0.139599|0.157726|0.157852|4858
1599814081|0.090914|0.102883|0.145902|0.146008|0.158493|0.158548|4858
1599814141|0.061324|0.078537|0.117592|0.117673|0.135736|0.135804|4858
1599814201|0.090568|0.107768|0.150611|0.150691|0.177067|0.177125|4858
1599814261|0.061728|0.079214|0.129911|0.129990|0.152843|0.152914|4858
1599814321|0.061659|0.079100|0.125814|0.125904|0.148773|0.148828|4858
1599814381|0.067237|0.085105|0.126529|0.126626|0.145188|0.180838|4858
1599814441|0.086184|0.103348|0.160806|0.160881|0.197562|0.197620|4858
1599814502|0.084839|0.101967|0.183090|0.183177|0.204867|0.204931|4858
1599814561|0.061805|0.073580|0.149758|0.149857|0.162529|0.162588|4858
1599814621|0.073247|0.090700|0.180778|0.180847|0.199516|0.199579|4858
1599814681|0.089537|0.106969|1.091195|1.091322|1.142041|1.142110|4858
1599814741|0.042115|0.059657|0.142007|0.142060|0.160984|0.161113|4858
1599814801|0.060974|0.078438|0.118193|0.118301|0.173572|0.173635|4858
1599814861|0.031963|0.049120|0.127548|0.127651|0.152309|0.152378|4858
1599814921|0.142193|0.159555|0.205738|0.217100|0.235137|0.235309|4858
1599814981|0.061283|0.078395|0.124036|0.124112|0.161292|0.161358|4858
1599815041|0.090543|0.107735|0.170447|0.170545|0.189425|0.189502|4858
1599815101|0.061772|0.079362|0.117950|0.118035|0.136446|0.136531|4858
1599815161|0.061760|0.078974|0.133688|0.133789|0.155878|0.155940|4858
1599815221|0.055066|0.072409|0.145151|0.145238|0.163341|0.163574|4858
1599815281|0.068501|0.085782|0.141927|0.142017|0.172700|0.172770|4858
1599815341|0.069026|0.086931|0.124742|0.124819|0.186547|0.186612|4858
1599815401|0.042886|0.060249|0.132114|0.132191|0.150449|0.150635|4858
1599815461|0.066220|0.083399|0.137861|0.137960|0.157310|0.157370|4858
1599815521|0.064705|0.081836|0.123900|0.123986|0.141730|0.141806|4858
1599815581|0.070895|0.088257|0.173441|0.173522|0.193105|0.193181|4858
1599815641|0.068292|0.085679|0.143395|0.143480|0.162895|0.162970|4858
1599815701|0.045089|0.063169|0.147274|0.147355|0.168061|0.168118|4858
1599815761|0.061597|0.078920|0.134065|0.134161|0.161105|0.161165|4858
1599815821|0.063392|0.080739|0.151976|0.152072|0.179312|0.179389|4858
1599815881|0.062795|0.080008|0.134748|0.134833|0.182832|0.182901|4858
1599815941|0.060902|0.078262|0.163926|0.164019|0.182970|0.183107|4858
1599816001|0.037672|0.055459|0.119646|0.119749|0.141219|0.141277|4858
1599816061|0.061279|0.078739|0.140903|0.140966|0.187422|0.187489|4858
1599816121|0.065423|0.085266|0.132698|0.132817|0.150780|0.150881|4858
1599816181|0.061570|0.078847|0.127291|0.127350|0.172117|0.172186|4858
1599816241|0.069599|0.086767|0.179061|0.179154|0.198673|0.198747|4858
1599816301|0.084003|0.101393|0.132526|0.132602|0.151017|0.151120|4858
1599816361|0.073609|0.090730|1.740357|1.740457|2.852885|2.852986|4858
1599816421|0.092570|0.109971|0.165642|0.165722|0.188549|0.188606|4858
1599816481|0.032735|0.049987|0.121557|0.121636|0.140959|0.141015|4858
1599816541|0.033804|0.051351|0.116860|0.119586|0.137589|0.137644|4858
1599816601|0.051510|0.074063|0.147925|0.148020|0.168612|0.168671|4858
1599816661|0.052527|0.069735|0.135530|0.135617|0.153611|0.153699|4858
1599816721|0.090260|0.108171|0.145867|0.145955|0.164155|0.164262|4858
1599816781|0.066671|0.084037|0.175671|0.175738|0.199163|0.199274|4858
1599816841|0.081220|0.098646|0.154895|0.154986|0.196603|0.196661|4858
1599816901|0.062358|0.079709|0.168668|0.168759|0.187910|0.188174|4858
1599816961|0.038666|0.056040|0.136854|0.136936|0.158585|0.158649|4858
1599817021|0.043202|0.060545|0.144432|0.144528|0.166063|0.166125|4858
1599817081|0.091527|0.109396|0.151570|0.151669|0.204712|0.204777|4858
1599817141|0.060924|0.078182|0.132327|0.132423|0.164050|0.164119|4858
1599817201|0.060848|0.078279|0.172155|0.172246|0.191065|0.191141|4858
1599817261|0.048400|0.065896|0.153347|0.153434|0.172212|0.172271|4858
1599817321|0.065371|0.082533|0.139667|0.139734|0.160339|0.160402|4858
1599817382|0.073022|0.090280|0.155858|0.155952|0.174017|0.174152|4858
1599817441|0.063119|0.080328|0.117301|0.117399|0.137246|0.137326|4858
1599817501|0.097046|0.114614|0.213362|0.213455|0.232122|0.232221|4858
1599817561|0.068788|0.086229|0.155893|0.155995|0.188396|0.188463|4858
1599817621|0.061207|0.078592|0.133129|0.133183|0.171443|0.171512|4858
1599817681|0.064734|0.081908|0.131331|0.131416|0.151808|0.151867|4858
1599817741|0.084553|0.102120|0.138858|0.138947|0.157991|0.158059|4858
1599817801|0.061399|0.078754|0.113995|0.114099|0.170503|0.170560|4858
1599817861|0.087574|0.104977|0.143319|0.143411|0.161673|0.161736|4858
1599817921|0.082471|0.099761|0.143165|0.143241|0.163269|0.163339|4858
1599817981|0.068205|0.085416|0.126951|0.127044|0.145183|0.145256|4858
1599818041|0.129956|0.147321|0.229217|0.229301|0.248024|0.248080|4858
1599818101|0.060916|0.078307|0.116333|0.116401|0.135001|0.135226|4858
1599818161|0.071548|0.088910|0.177058|0.177129|0.196674|0.196745|4858
1599818221|0.037489|0.054735|0.144156|0.144237|0.165573|0.165636|4858
1599818281|0.033497|0.050871|0.124595|0.124687|0.142865|0.142937|4858
1599818341|0.061565|0.079019|0.180949|0.181046|0.199299|0.199366|4858
1599818401|0.086074|0.103492|0.162244|0.162317|0.213272|0.213344|4858
1599818461|0.092242|0.109488|0.167910|0.167980|0.208283|0.208345|4858
1599818521|0.029576|0.046910|0.113894|0.113985|0.132285|0.132367|4858
1599818581|0.061724|0.079189|0.128694|0.128789|0.174790|0.174851|4858
1599818641|0.107020|0.124411|0.167716|0.167809|0.228432|0.228500|4858
1599818701|0.061812|0.079218|0.133260|0.133341|0.176330|0.176388|4858
1599818761|0.061109|0.078194|0.134155|0.134260|0.155230|0.155295|4858
1599818821|0.276698|0.294109|0.321297|0.321391|0.339997|0.340117|4858
1599818881|0.055603|0.072822|0.143611|0.143703|0.177697|0.177758|4858
1599818941|0.083774|0.106923|0.193059|0.193153|0.212018|0.212155|4858
1599819001|0.086384|0.103850|0.151543|0.151629|0.170037|0.170093|4858
1599819061|0.069154|0.086380|0.123304|0.123404|0.141388|0.141455|4858
1599819121|0.070878|0.088421|0.150146|0.150236|0.171054|0.171121|4858
1599819181|0.101028|0.119880|0.169606|0.169686|0.212133|0.212202|4858
1599819241|0.061587|0.078988|0.175877|0.175991|0.194116|0.194192|4858
1599819302|0.068512|0.085678|0.129805|0.129896|0.189702|0.189761|4858
1599819361|0.042474|0.059554|0.155574|0.155672|0.173988|0.174101|4858
1599819421|0.061355|0.078697|0.130038|0.130126|0.159917|0.159975|4858
1599819481|0.065969|0.083505|0.175501|0.175601|0.194049|0.194201|4858
1599819541|0.061666|0.078932|0.150081|0.150147|0.168294|0.168370|4858
1599819601|0.052555|0.069953|0.153551|0.153631|0.172995|0.173048|4858
1599819661|0.060792|0.083123|0.123054|0.123148|0.140966|0.141093|4858
1599819721|0.061412|0.078812|0.124875|0.125017|0.161151|0.161211|4858
1599819781|0.046928|0.064141|0.185052|0.185162|0.203352|0.203424|4858
1599819841|0.080557|0.097922|0.154858|0.154954|0.184576|0.184635|4858
1599819901|0.067830|0.085122|0.141592|0.141672|0.179208|0.179276|4858
1599819961|0.062301|0.079880|0.128244|0.128324|0.149849|0.149916|4858
1599820021|0.076121|0.093250|0.183876|0.183982|0.203654|0.203732|4858
1599820081|0.061170|0.078388|0.143536|0.143611|0.162812|0.162883|4858
1599820141|0.044944|0.062527|0.141336|0.141431|0.178202|0.178266|4858
1599820201|0.044566|0.062375|0.126631|0.126724|0.145157|0.145376|4858
1599820261|0.065161|0.082388|0.127197|0.127281|0.179189|0.179248|4858
1599820321|0.280948|0.298426|0.338518|0.338609|0.356961|0.357016|4858
1599820381|0.149826|0.167178|0.239065|0.239167|0.258153|0.258336|4858
1599820441|0.078188|0.095390|0.136894|0.136974|0.194377|0.194446|4858
1599820501|0.052708|0.070047|0.130311|0.130406|0.168695|0.168758|4858
1599820561|0.028555|0.050319|0.163380|0.163475|0.181784|0.181946|4858
1599820621|0.058382|0.075649|0.143699|0.143789|0.161754|0.161823|4858
1599820681|0.065672|0.083235|0.179740|0.179834|0.198242|0.198312|4858
1599820741|0.082820|0.100263|0.147204|0.147290|0.188552|0.188619|4858
1599820801|0.136091|0.153910|0.217165|0.217267|0.236644|0.236705|4858
1599820861|0.078012|0.095397|0.153201|0.153285|0.172370|0.172441|4858
1599820921|0.131716|0.149053|0.196068|0.196168|0.214560|0.214697|4858
1599820982|0.082761|0.100190|0.152501|0.152592|0.184927|0.184983|4858
1599821041|0.100833|0.118753|0.171805|0.171890|0.216492|0.216553|4858
1599821101|0.061206|0.078437|0.116114|0.116214|0.133817|0.133976|4858
1599821161|0.060803|0.078754|0.122473|0.122566|0.175787|0.175854|4858
1599821221|0.038915|0.058566|0.120993|0.121083|0.140084|0.140145|4858
1599821281|0.087253|0.104438|0.141359|0.141439|0.159537|0.159604|4858
1599821341|0.070696|0.087783|0.146268|0.146357|0.190657|0.190714|4858
1599821401|0.085705|0.104097|0.155931|0.156027|0.204745|0.204812|4858
1599821461|0.061945|0.079372|0.137075|0.137153|0.160881|0.160938|4858
1599821521|0.079065|0.096474|0.133763|0.133854|0.152328|0.152460|4858
1599821581|0.089373|0.106846|0.162708|0.162784|0.197096|0.197157|4858
1599821641|0.109279|0.126696|0.216966|0.217068|0.235434|0.235544|4858
1599821701|0.061602|0.078894|0.176583|0.176672|0.195305|0.195376|4858
1599821761|0.092597|0.110458|0.163614|0.163689|0.208804|0.208869|4858
1599821821|0.069994|0.087245|0.130215|0.130292|0.172758|0.172819|4858
1599821881|0.082506|0.099623|0.158557|0.158645|0.181404|0.181466|4858
1599821941|0.056068|0.067340|0.135552|0.135643|0.147614|0.147717|4858
1599822001|0.102915|0.122939|0.171623|0.171708|0.200189|0.200249|4858
1599822061|0.051178|0.068320|0.132037|0.132140|0.150131|0.150210|4858
1599822121|0.086607|0.104035|0.162250|0.162335|0.205517|0.205583|4858
1599822181|0.071834|0.089205|0.141797|0.141873|0.172300|0.172356|4858
1599822241|0.086368|0.103579|0.202740|0.202830|0.220813|0.220963|4858
1599822301|0.072193|0.089322|0.183560|0.183660|0.201830|0.202051|4858
1599822361|0.062535|0.079877|0.163004|0.163112|0.181550|0.181613|4858
1599822421|0.085819|0.103007|0.158106|0.158211|0.189083|0.189143|4858
1599822481|0.081554|0.098788|0.135769|0.135860|0.154119|0.154188|4858
1599822541|0.125620|0.142951|0.207735|0.207814|0.226364|0.226422|4858
1599822601|0.060853|0.078333|0.118674|0.118771|0.137172|0.137342|4858
1599822661|0.072950|0.090749|0.175398|0.175489|0.194041|0.194098|4858
1599822721|0.078769|0.096232|0.152284|0.152393|0.177607|0.177670|4858
1599822781|0.055430|0.073357|0.140346|0.140420|0.160044|0.160106|4858
1599822841|0.061382|0.078864|0.149860|0.149952|0.171628|0.171685|4858
1599822901|0.129988|0.147162|0.223437|0.223514|0.242051|0.242100|4858
1599822961|0.060687|0.083746|0.184458|0.184532|0.207076|0.207133|4858
1599823021|0.125871|0.143252|0.206227|0.206327|0.226215|0.226279|4858
1599823081|0.055172|0.072408|0.135152|0.135243|0.153332|0.153384|4858
1599823141|0.100874|0.118256|0.166083|0.166188|0.212343|0.212405|4858
1599823201|0.090690|0.107774|0.159928|0.160000|0.193138|0.193197|4858
1599823261|0.086415|0.103699|0.156226|0.156304|0.201645|0.201713|4858
1599823321|0.061763|0.079102|0.120845|0.120942|0.170696|0.170762|4858
1599823381|0.061717|0.080791|0.134327|0.134434|0.651686|0.651766|4858
1599823441|0.069835|0.087437|0.184057|0.184160|0.202568|0.202633|4858
1599823501|0.060876|0.078317|0.148759|0.148836|0.167276|0.167339|4858
1599823561|0.053389|0.071000|0.154680|0.154765|0.177170|0.177225|4858
1599823621|0.038509|0.055967|0.121430|0.121526|0.139630|0.139693|4858
1599823681|0.081540|0.098780|0.152216|0.152300|0.185712|0.185768|4858
1599823741|0.039375|0.056784|0.127877|0.127968|0.145990|0.146093|4858
1599823801|0.084861|0.102204|0.138577|0.138675|0.157320|0.157473|4858
1599823861|0.066018|0.083203|0.158142|0.158238|0.176837|0.176892|4858
1599823921|0.071128|0.088498|0.131640|0.131731|0.193407|0.193466|4858
1599823981|0.063228|0.081041|0.117596|0.117673|0.176670|0.176745|4858
1599824041|0.067296|0.085129|0.140896|0.140991|0.183737|0.183793|4858
1599824101|0.091551|0.110013|0.167201|0.167286|0.212477|0.212538|4858
1599824161|0.075960|0.093328|0.153168|0.153244|0.197542|0.197613|4858
1599824221|0.070516|0.087665|0.146763|0.146842|0.165438|0.165511|4858
1599824281|0.074044|0.091457|0.178856|0.178948|0.197484|0.197561|4858
1599824341|0.092207|0.109527|0.167007|0.167120|0.212475|0.212551|4858
1599824401|0.075266|0.092573|0.163622|0.163715|0.183023|0.183090|4858
1599824461|0.077991|0.095711|0.182225|0.182317|0.200902|0.200967|4858
1599824521|0.057641|0.075035|0.161853|0.161955|0.180532|0.180592|4858
1599824581|0.049392|0.066744|0.137107|0.137196|0.155795|0.155852|4858
1599824642|0.051819|0.069253|0.136394|0.136502|0.155059|0.155115|4858
1599824701|0.069649|0.086855|0.156848|0.156952|0.177014|0.184835|4858
1599824761|0.070675|0.088195|0.140558|0.140660|0.180626|0.180685|4858
1599824821|0.061601|0.079029|0.129453|0.129518|0.157599|0.157663|4858
1599824881|0.093471|0.110677|0.162484|0.162572|0.200731|0.200798|4858
1599824942|0.055585|0.072924|0.138910|0.139078|0.157700|0.157784|4858
1599825001|0.079804|0.097345|0.152595|0.152681|0.172043|0.172101|4858
1599825061|0.049119|0.066579|0.136281|0.136378|0.154521|0.154585|4858
1599825121|0.091150|0.108706|0.167220|0.167320|0.216401|0.216470|4858
1599825181|0.067254|0.084608|0.136686|0.136771|0.186355|0.186417|4858
1599825241|0.081500|0.099348|0.197475|0.197576|0.217079|0.217148|4858
1599825301|0.053722|0.070802|0.156042|0.156131|0.177523|0.177581|4858
1599825361|0.088915|0.106271|0.163439|0.163527|0.200827|0.200889|4858
1599825421|0.071135|0.088385|0.141083|0.141150|0.182521|0.182580|4858
1599825481|0.058345|0.075753|0.149773|0.149834|0.168234|0.168340|4858
1599825541|0.038411|0.055738|0.124211|0.124302|0.142953|0.143014|4858
1599825601|0.089149|0.106465|0.209257|0.209355|0.227822|0.227898|4858
1599825661|0.135700|0.152962|0.225822|0.225904|0.244143|0.244284|4858
1599825721|0.154507|0.171714|0.234277|0.234378|0.253037|0.253099|4858
1599825781|0.090655|0.107985|0.202201|0.202291|0.221071|0.221141|4858
1599825841|0.047947|0.065344|0.132408|0.132508|0.151547|0.151851|4858
1599825901|0.086444|0.103886|0.155453|0.155550|0.181314|0.181371|4858
1599825961|0.049718|0.067085|0.138327|0.138437|0.156708|0.156888|4858
1599826021|0.080710|0.098001|0.152106|0.152192|0.193482|0.193540|4858
1599826081|0.076768|0.094179|0.132967|0.133076|0.151399|0.151452|4858
1599826141|0.070576|0.082129|0.120986|0.121087|0.133589|0.133760|4858
1599826201|0.088398|0.112556|0.154057|0.154150|0.200581|0.200647|4858
1599826261|0.053862|0.071354|0.139520|0.139613|0.158172|0.158228|4858
1599826321|0.060516|0.077833|0.151666|0.151756|0.170251|0.170325|4858
1599826381|0.077680|0.095070|0.133361|0.133442|0.151635|0.151816|4858
1599826441|0.053721|0.070822|0.140946|0.141009|0.169332|0.169387|4858
1599826501|0.096923|0.114118|0.165145|0.165239|0.188264|0.188342|4858
1599826561|0.061662|0.080875|0.122211|0.122308|0.161529|0.161600|4858
1599826621|0.069509|0.086730|0.197953|0.198047|0.217189|0.217244|4858
1599826681|0.095029|0.112142|0.162772|0.162862|0.197483|0.197542|4858
1599826741|0.063199|0.080667|0.118579|0.118668|0.137277|0.137344|4858
1599826801|0.086215|0.103613|0.193684|0.193785|0.215552|0.215648|4858
1599826861|0.070355|0.089423|0.150064|0.150151|0.187099|0.187168|4858
1599826921|0.096873|0.114196|0.162998|0.163085|0.181321|0.181406|4858
1599826981|0.080424|0.098097|0.139575|0.139650|0.158099|0.158348|4858
1599827041|0.040097|0.057475|0.120981|0.121074|0.139529|0.139675|4858
1599827101|0.060769|0.077978|0.168572|0.168658|0.187127|0.187199|4858
1599827161|0.071779|0.089102|0.173495|0.173572|0.191911|0.191973|4858
1599827221|0.069408|0.086640|0.125393|0.125483|0.158307|0.158371|4858
1599827281|0.050802|0.068241|0.139587|0.139677|0.158537|0.158697|4858
1599827341|0.088035|0.105202|0.159823|0.159906|0.196721|0.196783|4858
1599827401|0.125235|0.142460|0.185412|0.185507|0.203587|0.203739|4858
1599827461|0.034018|0.051459|0.166678|0.166769|0.186036|0.186094|4858
1599827521|0.093338|0.110584|0.183577|0.183675|0.204330|0.204396|4858
1599827581|0.088712|0.106086|0.212776|0.212876|0.231161|0.231271|4858
1599827641|0.066575|0.084251|0.128030|0.128119|0.146598|0.146665|4858
1599827701|0.081452|0.098759|0.140684|0.140771|0.202033|0.202102|4858
1599827761|0.089909|0.107142|0.147204|0.147308|0.212401|0.212471|4858
1599827821|0.065485|0.082647|0.133276|0.133375|0.172649|0.172713|4858
1599827881|0.061779|0.079062|0.131462|0.131536|0.176763|0.176829|4858
1599827941|0.060880|0.078958|0.132081|0.132169|0.150328|0.150391|4858
1599828001|0.060843|0.078108|0.127891|0.127955|0.162860|0.162919|4858
1599828061|0.064079|0.081301|0.120861|0.120943|0.139203|0.139513|4858
1599828121|0.061062|0.078519|0.135443|0.135510|0.171686|0.171743|4858
1599828181|0.083830|0.101113|0.181953|0.182051|0.200778|0.200837|4858
1599828241|0.039945|0.057260|0.121061|0.121155|0.140644|0.140708|4858
1599828301|0.078263|0.089768|0.142756|0.142848|0.155496|0.155551|4858
1599828361|0.074626|0.092020|0.148582|0.148647|0.180387|0.180445|4858
1599828422|0.039213|0.056531|0.123854|0.123945|0.146675|0.146739|4858
1599828481|0.087317|0.104757|0.138124|0.138225|0.157194|0.157257|4858
1599828541|0.060745|0.078586|0.174277|0.174352|0.193248|0.193317|4858
1599828601|0.060969|0.078196|0.130234|0.130348|0.178537|0.178603|4858
1599828661|0.061326|0.079322|0.117937|0.118026|0.175442|0.175502|4858
1599828721|0.037120|0.054605|0.127051|0.127137|0.145405|0.145464|4858
1599828781|0.061364|0.078701|0.165856|0.165955|0.186547|0.186627|4858
1599828841|0.081995|0.099810|0.155331|0.155417|0.177929|0.177982|4858
1599828901|0.107872|0.125260|0.169906|0.169984|0.220270|0.220340|4858
1599828961|0.038114|0.055415|0.138666|0.138770|0.158513|0.158566|4858
1599829021|0.073878|0.091111|0.137600|0.137667|0.183061|0.183119|4858
1599829081|0.029191|0.046511|0.112205|0.112302|0.130694|0.130761|4858
1599829141|0.084178|0.101536|0.156725|0.156825|0.184638|0.184694|4858
1599829201|0.073675|0.091133|0.173525|0.173621|0.192244|0.192312|4858
1599829261|0.062896|0.081933|0.171250|0.171350|0.189967|0.190055|4858
1599829321|0.060759|0.078648|0.172976|0.173071|0.191772|0.191851|4858
1599829381|0.079005|0.096223|0.192872|0.192988|0.213678|0.213750|4858
1599829441|0.038037|0.055301|0.124053|0.124151|0.142395|0.142460|4858
1599829501|0.083322|0.101171|0.149670|0.149755|0.200832|0.200903|4858
1599829562|0.061784|0.082096|0.182089|0.182181|0.204999|0.205059|4858
1599829621|0.081797|0.099233|0.146442|0.146722|0.184455|0.184510|4858
1599829681|0.073434|0.091619|0.128466|0.128543|0.147195|0.147337|4858
1599829741|0.068700|0.085792|0.176055|0.176164|0.194668|0.194783|4858
1599829801|0.076715|0.099813|0.186856|0.186953|0.206181|0.206249|4858
1599829861|0.092795|0.110483|0.188035|0.188122|0.208500|0.208556|4858
1599829921|0.069469|0.086614|0.138989|0.139079|0.181076|0.181139|4858
1599829981|0.056315|0.073439|0.155492|0.155578|0.173544|0.173643|4858
1599830041|0.062146|0.079976|0.127738|0.127832|0.173587|0.173650|4858
1599830101|0.061017|0.078222|0.117366|0.117469|0.135758|0.135827|4858
1599830161|0.061950|0.079238|0.127213|0.127308|0.180014|0.180075|4858
1599830221|0.070997|0.088197|0.177325|0.177417|0.196727|0.196805|4858
1599830281|0.066703|0.083986|0.163285|0.163368|0.181880|0.181938|4858
1599830341|0.059044|0.076382|0.141850|0.141943|0.162855|0.162919|4858
1599830401|0.055549|0.073053|0.138737|0.138834|0.157848|0.157918|4858
1599830461|0.092909|0.110041|0.173371|0.173440|0.196732|0.196797|4858
1599830521|0.173968|0.191071|0.247176|0.247274|0.265467|0.265679|4858
1599830581|0.089336|0.112298|0.213117|0.213215|0.231480|0.231551|4858
1599830641|0.061236|0.078480|0.167101|0.167177|0.185821|0.185959|4858
1599830701|0.081787|0.098907|0.186292|0.186385|0.204731|0.204789|4858
1599830761|0.070969|0.089807|0.183950|0.184030|0.203915|0.203993|4858
1599830821|0.063905|0.081135|0.125237|0.125301|0.170298|0.170356|4858
1599830881|0.061959|0.079355|0.118425|0.118542|0.136785|0.136853|4858
1599830941|0.061357|0.078755|0.127159|0.127270|0.145641|0.145748|4858
1599831001|0.125013|0.142565|0.226107|0.226189|0.245355|0.245423|4858
1599831061|0.165518|0.182612|0.253518|0.253595|0.271622|0.271750|4858
1599831121|0.066502|0.084028|0.134228|0.134326|0.161874|0.161933|4858
1599831181|0.062727|0.080255|0.169269|0.169335|0.187500|0.187731|4858
1599831241|0.032160|0.049344|0.123211|0.123306|0.142248|0.142316|4858
1599831301|0.133689|0.145051|0.204970|0.205071|0.228856|0.228914|4858
1599831361|0.053492|0.070655|0.139648|0.139737|0.157935|0.158065|4858
1599831421|0.271626|0.288872|0.341632|0.341715|0.361169|0.361225|4858
1599831481|0.061922|0.079208|0.123612|0.123672|0.183077|0.183137|4858
1599831541|0.060888|0.078060|0.132785|0.132865|0.167080|0.167141|4858
1599831601|0.153829|0.171233|0.250343|0.250422|0.268798|0.268891|4858
1599831661|0.083381|0.100772|0.142291|0.142383|0.160395|0.160459|4858
1599831721|0.071108|0.088323|0.163636|0.163747|0.183265|0.183336|4858
1599831781|0.069153|0.087008|0.185141|0.185240|0.204335|0.204398|4858
1599831841|0.034864|0.051967|0.120320|0.120411|0.138508|0.138675|4858
1599831901|0.061877|0.079185|0.133746|0.133830|0.165323|0.165383|4858
1599831961|0.130346|0.147620|0.208989|0.209101|0.237535|0.237591|4858
1599832021|0.085001|0.102566|0.155264|0.155336|0.188259|0.188327|4858
1599832081|0.050374|0.067538|0.144922|0.145015|0.164393|0.164455|4858
1599832141|0.060865|0.078063|0.125914|0.125991|0.167710|0.167773|4858
1599832201|0.093941|0.105649|0.155275|0.155360|0.168305|0.168396|4858
1599832261|0.085779|0.103148|0.160851|0.160942|0.190106|0.190159|4858
1599832321|0.068955|0.086790|0.124209|0.124281|0.143104|0.143223|4858
1599832381|0.082806|0.100572|0.152770|0.152855|0.197129|0.197202|4858
1599832441|0.073154|0.090446|0.145348|0.145434|0.166831|0.166887|4858
1599832501|0.062367|0.079725|0.168198|0.168275|0.186668|0.186853|4858
1599832561|0.092899|0.110275|0.159363|0.159455|0.196463|0.196525|4858
1599832621|0.076868|0.094793|0.147109|0.147203|0.166179|0.166235|4858
1599832681|0.072078|0.089354|0.182601|0.182689|0.200977|0.201043|4858
1599832741|0.065131|0.082471|0.138058|0.138140|0.157093|0.157147|4858
1599832801|0.063414|0.094758|0.183929|0.184029|0.204141|0.204216|4858
1599832861|0.096386|0.113834|0.193783|0.193882|0.216897|0.216993|4858
1599832921|0.060998|0.078171|0.138877|0.138957|0.175517|0.175587|4858
1599832981|0.096228|0.113552|0.193187|0.193272|0.216424|0.216482|4858
1599833041|0.061160|0.079340|0.118106|0.118202|0.136223|0.136334|4858
1599833101|0.066453|0.083641|0.176020|0.176111|0.194052|0.194277|4858
1599833161|0.089564|0.106900|0.161877|0.161960|0.189168|0.189231|4858
1599833221|0.071106|0.088382|0.142817|0.142921|0.192499|0.192562|4858
1599833281|0.079449|0.096586|0.150072|0.150171|0.196857|0.196916|4858
1599833341|0.081404|0.098885|0.159819|0.159905|0.197199|0.197257|4858
1599833401|0.082874|0.100025|0.144317|0.144414|0.176574|0.176636|4858
1599833461|0.061542|0.078819|0.129114|0.129208|0.176990|0.177049|4858
1599833521|0.060777|0.078230|0.140041|0.140123|0.174131|0.174188|4858
1599833581|0.060619|0.078041|0.116925|0.117029|0.137528|0.137594|4858
1599833641|0.074276|0.091603|0.144710|0.144798|0.186228|0.186287|4858
1599833701|0.062810|0.080089|0.138877|0.138952|0.184654|0.184739|4858
1599833761|0.064644|0.082029|0.136755|0.136844|0.182608|0.182683|4858
1599833821|0.065679|0.083078|0.131711|0.131808|0.181002|0.181066|4858
1599833881|0.089847|0.107309|0.163232|0.163333|0.201397|0.201470|4858
1599833941|0.061412|0.078942|0.128449|0.128542|0.171698|0.171762|4858
1599834001|0.098049|0.115322|0.209309|0.209393|0.227596|0.227738|4858
1599834061|0.037977|0.055251|0.123619|0.123721|0.142564|0.142629|4858
1599834121|0.045663|0.063073|0.125387|0.125484|0.149354|0.149426|4858
1599834181|0.036999|0.054553|0.146645|0.146740|0.165147|0.165242|4858
1599834241|0.061023|0.079201|0.124701|0.124799|0.178359|0.178432|4858
1599834301|0.093731|0.111605|0.168118|0.168182|0.196496|0.196556|4858
1599834361|0.061401|0.078718|0.123354|0.123457|0.147922|0.147977|4858
1599834421|0.080113|0.097642|0.156098|0.156187|0.189247|0.189305|4858
1599834481|0.091939|0.112263|0.209101|0.209183|0.227535|0.227782|4858
1599834541|0.073338|0.090998|0.168454|0.168533|0.186816|0.186881|4858
1599834601|0.060878|0.078916|0.132246|0.132334|0.167136|0.167198|4858
1599834661|0.064748|0.082211|0.127990|0.128082|0.187375|0.187440|4858
1599834721|0.124950|0.142364|0.220180|0.220261|0.238738|0.238811|4858
1599834781|0.069780|0.087069|0.188952|0.189054|0.207130|0.207290|4858
1599834841|0.068739|0.085839|0.130319|0.130403|0.188678|0.188742|4858
1599834901|0.088888|0.106130|0.159051|0.159146|0.208878|0.208941|4858
1599834961|0.088484|0.214251|0.263291|0.263375|0.283155|0.283204|4858
1599835021|0.061923|0.079126|0.117102|0.117195|0.135096|0.135161|4858
1599835081|0.089534|0.107032|0.152275|0.152338|0.209810|0.209872|4858
1599835141|0.130592|0.148865|0.208296|0.208380|0.226923|0.227018|4858
1599835201|0.061078|0.079214|0.136430|0.136511|0.156013|0.156078|4858
1599835261|0.088235|0.105754|0.166141|0.166227|0.186559|0.186631|4858
1599835321|0.061261|0.078499|0.132872|0.132948|0.153461|0.153527|4858
1599835381|0.088422|0.105629|0.164439|0.164575|0.208739|0.208799|4858
1599835441|0.043831|0.061091|0.160936|0.161027|0.178942|0.179199|4858
1599835501|0.078918|0.096131|0.127555|0.127626|0.168198|0.168266|4858
1599835561|0.048444|0.065661|0.133370|0.133467|0.153203|0.153261|4858
1599835621|0.045485|0.062735|0.146370|0.146455|0.165565|0.165632|4858
1599835681|0.091267|0.108505|0.155787|0.155888|0.212479|0.212540|4858
1599835741|0.160074|0.177506|0.241082|0.241156|0.267666|0.267726|4858
1599835801|0.052097|0.069601|0.140777|0.140867|0.159559|0.159620|4858
1599835861|0.131943|0.149463|0.228867|0.228946|0.248255|0.248311|4858
1599835921|0.097100|0.114376|0.212953|0.213041|0.231779|0.231845|4858
1599835981|0.083015|0.100347|0.152115|0.152186|0.210119|0.210174|4858
1599836041|0.083704|0.100984|0.204879|0.204954|0.223542|0.223628|4858
1599836101|0.135871|0.153485|0.214162|0.214264|0.233238|0.233298|4858
1599836161|0.064112|0.081411|0.121523|0.121613|0.184271|0.184338|4858
1599836221|0.056385|0.074311|0.141297|0.143493|0.162355|0.162410|4858
1599836281|0.050458|0.067998|0.128352|0.128439|0.146821|0.146889|4858
1599836341|0.061547|0.078956|0.135433|0.135505|0.167790|0.167867|4858
1599836401|0.060986|0.080863|0.162807|0.162900|0.189628|0.189695|4858
1599836461|0.089273|0.107192|0.166739|0.166821|0.189184|0.189247|4858
1599836521|0.084537|0.101971|0.136828|0.136971|0.155147|0.155217|4858
1599836581|0.090070|0.107362|0.200831|0.200927|0.219255|0.219312|4858
1599836641|0.074074|0.091493|0.172590|0.172673|0.190826|0.190910|4858
1599836701|0.072246|0.089465|0.135988|0.136064|0.190595|0.190660|4858
1599836761|0.087519|0.104966|0.151897|0.152000|0.177513|0.177572|4858
1599836821|0.101739|0.119272|0.209088|0.209190|0.227584|0.227646|4858
1599836881|0.106690|0.124466|0.221121|0.221212|0.244575|0.244766|4858
1599836941|0.029908|0.047725|0.117172|0.117249|0.136367|0.136428|4858
1599837001|0.134182|0.152102|0.215518|0.215600|0.234801|0.234857|4858
1599837061|0.048297|0.065637|0.151251|0.151349|0.170100|0.170161|4858
1599837121|0.063457|0.080887|0.125498|0.125580|0.143782|0.143848|4858
1599837181|0.058817|0.076195|0.160762|0.160896|0.181064|0.181118|4858
1599837241|0.130079|0.147422|0.199067|0.199164|0.222900|0.222960|4858
1599837301|0.125751|0.143107|0.214578|0.214657|0.232919|0.232980|4858
1599837361|0.095540|0.113267|0.206380|0.206454|0.224741|0.224819|4858
1599837421|0.080905|0.098384|0.149547|0.149664|0.175049|0.175106|4858
1599837481|0.072783|0.090530|0.137141|0.137230|0.186539|0.186610|4858
